customer_id,first_name,last_name,email,phone,ssn,dob,credit_card,street_address,city,state,zip_code,ip_address,account_balance,loyalty_tier,signup_date,lifetime_orders,marketing_opt_in
C00001,David,Anderson,david.anderson15@outlook.com,(759) 288-1459,201-07-0013,10/15/1990,3714-4339-4545-8039,1120 Elm Way,New York,NY,10093,161.128.90.206,24596.37,gold,2022-07-26,190,True
C00002,Tara,Brown,tara.brown580@icloud.com,(536) 767-1523,202-14-0026,04/14/1970,5105-2706-7746-4788,587 Pine Rd,Miami,FL,33185,178.87.167.58,44163.84,bronze,2023-01-26,170,True
C00003,Olivia,King,olivia.king955@icloud.com,(980) 418-3252,203-21-0039,05/11/1953,4532-1100-9799-5836,4658 Cedar Ln,New York,NY,10044,120.179.223.216,11543.04,silver,2022-08-10,118,True
C00004,Fatima,Moore,fatima.moore344@gmail.com,(583) 582-4802,204-28-0052,07/26/1978,3485-0668-7558-2924,8763 Main St,Phoenix,AZ,85016,111.102.38.143,45059.22,bronze,2022-07-01,101,False
C00005,Diego,Lopez,diego.lopez856@outlook.com,(923) 479-7839,205-35-0065,12/11/2003,3485-0176-8536-7601,5149 Main St,Chicago,IL,60689,71.233.65.106,14614.09,bronze,2025-08-25,98,False
C00006,Henry,Lewis,henry.lewis879@outlook.com,(381) 784-9622,206-42-0078,04/24/1956,4532-7442-1287-1298,4194 Main St,Denver,CO,80216,146.211.196.92,43084.72,silver,2020-10-18,197,False
C00007,Ingrid,Harris,ingrid.harris514@gmail.com,(808) 716-3005,207-49-0091,05/14/1975,3714-7640-5271-8396,462 Cedar Ln,Boston,MA,02196,40.226.113.62,36861.69,silver,2021-06-17,140,True
C00008,Bob,Moore,bob.moore205@outlook.com,(540) 749-7090,208-56-0104,01/02/1950,4532-6143-3727-4114,3028 Pine Rd,Portland,OR,97209,69.178.216.20,25074.16,bronze,2024-12-08,189,True
C00009,Grace,Moore,grace.moore595@yahoo.com,(462) 598-6317,209-63-0117,09/11/1988,4532-8677-2076-7299,2858 Birch Blvd,Miami,FL,33193,87.206.33.35,14845.0,bronze,2020-12-10,95,True
C00010,James,Robinson,james.robinson385@icloud.com,(212) 280-7583,210-70-0130,07/10/1961,4532-8456-1617-7671,5471 Chestnut Pl,Seattle,WA,98171,204.227.8.179,19365.81,silver,2021-06-09,109,True
C00011,Tara,Gonzalez,tara.gonzalez412@gmail.com,(433) 696-6879,211-77-0143,07/11/1981,3485-4459-1892-4297,6711 Birch Blvd,Denver,CO,80291,30.86.155.232,17584.21,bronze,2024-12-31,102,True
C00012,Grace,Clark,grace.clark385@gmail.com,(902) 445-4534,212-84-0156,12/20/1953,3485-9417-9236-1033,5861 Chestnut Pl,Los Angeles,CA,90020,205.199.118.181,23566.85,bronze,2021-03-21,186,True
C00013,Olivia,Harris,olivia.harris110@proton.me,(354) 591-4449,213-91-0169,09/28/1950,4485-5163-3375-3213,6421 Chestnut Pl,Portland,OR,97282,94.203.113.142,35205.33,gold,2023-12-25,176,False
C00014,Quinn,Brown,quinn.brown936@gmail.com,(550) 200-9374,214-98-0182,05/07/1952,4485-5649-9416-1964,6754 Walnut Ct,Los Angeles,CA,90001,198.246.88.102,24099.53,bronze,2022-11-20,21,False
C00015,Henry,Anderson,henry.anderson101@icloud.com,(785) 386-3164,215-05-0195,10/30/1990,3714-6436-5104-8977,6186 Oak Ave,Phoenix,AZ,85068,23.253.237.123,48853.67,bronze,2024-01-10,168,True
C00016,Kate,Thomas,kate.thomas380@gmail.com,(629) 533-2715,216-12-0208,07/16/1979,5105-5881-7600-4666,8888 Chestnut Pl,Austin,TX,78788,206.214.239.244,6795.79,silver,2024-06-27,20,False
C00017,Rachel,Moore,rachel.moore8@proton.me,(712) 270-7342,217-19-0221,04/23/1996,4485-3186-8424-8702,6687 Pine Rd,New York,NY,10041,165.251.224.125,2286.34,bronze,2024-04-25,174,True
C00018,Paul,Sanchez,paul.sanchez271@yahoo.com,(662) 117-8336,218-26-0234,07/11/1994,4485-9080-6943-1744,6141 Chestnut Pl,Minneapolis,MN,55492,137.91.125.4,40246.88,platinum,2025-10-28,66,False
C00019,Frank,Sanchez,frank.sanchez43@outlook.com,(933) 390-2605,219-33-0247,02/18/1967,4485-7482-7696-0262,833 Oak Ave,Minneapolis,MN,55472,182.20.122.16,11042.31,bronze,2024-09-07,39,False
C00020,Xander,Young,xander.young899@icloud.com,(841) 450-8813,220-40-0260,10/25/1986,3714-2933-0796-4017,168 Elm Way,Austin,TX,78740,53.54.188.78,19885.37,silver,2023-04-02,126,True
C00021,Diego,King,diego.king664@yahoo.com,(440) 499-6769,221-47-0273,02/01/1997,3485-2476-5913-3824,2398 Chestnut Pl,Seattle,WA,98130,209.193.76.86,43150.25,gold,2020-07-14,57,True
C00022,Quinn,Ramirez,quinn.ramirez823@icloud.com,(645) 986-3639,222-54-0286,12/07/1973,5425-9964-7097-6011,7516 Spruce Ter,Boston,MA,02108,42.209.58.42,47622.5,gold,2020-05-04,73,False
C00023,Tara,Ramirez,tara.ramirez950@gmail.com,(339) 611-9187,223-61-0299,07/03/1999,3485-5681-9096-7446,6601 Birch Blvd,Minneapolis,MN,55476,148.165.27.232,10657.61,platinum,2025-07-13,141,True
C00024,Liam,Taylor,liam.taylor711@icloud.com,(713) 708-1539,224-68-0312,01/27/1963,3485-9144-6794-7932,5693 Maple Dr,Denver,CO,80219,112.52.65.216,38939.47,silver,2020-10-28,185,False
C00025,Victor,Robinson,victor.robinson603@icloud.com,(274) 475-5144,225-75-0325,12/08/2001,3485-3980-9417-8591,2428 Oak Ave,Los Angeles,CA,90020,91.178.226.209,7227.62,bronze,2023-04-21,86,False
C00026,Diego,Perez,diego.perez202@proton.me,(458) 851-5189,226-82-0338,07/31/1998,5425-3844-4234-4423,4519 Birch Blvd,Minneapolis,MN,55438,46.148.185.116,5157.43,bronze,2024-04-17,120,False
C00027,Hiro,Martinez,hiro.martinez732@proton.me,(960) 766-3701,227-89-0351,06/04/1980,4532-8354-8362-7130,3995 Main St,Portland,OR,97298,56.169.205.32,3014.67,bronze,2025-07-27,68,False
C00028,Hiro,Johnson,hiro.johnson46@proton.me,(569) 356-8063,228-96-0364,01/29/1967,5105-2837-0662-9802,5884 Birch Blvd,Los Angeles,CA,90081,46.204.52.105,29881.3,bronze,2020-11-08,142,True
C00029,Isabella,Allen,isabella.allen168@gmail.com,(605) 966-7076,229-03-0377,07/17/1960,4485-0771-8133-5753,4087 Elm Way,New York,NY,10089,196.128.255.78,453.2,gold,2022-05-25,106,True
C00030,Kate,Johnson,kate.johnson58@proton.me,(592) 652-3061,230-10-0390,11/28/1960,3714-2357-4012-1347,533 Main St,New York,NY,10031,20.159.87.253,47101.67,silver,2025-11-23,68,True
C00031,Sam,Anderson,sam.anderson753@yahoo.com,(720) 257-2308,231-17-0403,09/28/1964,4532-5811-0927-2965,8813 Cedar Ln,Phoenix,AZ,85099,100.48.43.232,14592.21,bronze,2023-01-16,94,False
C00032,Aisha,Allen,aisha.allen238@icloud.com,(277) 345-4671,232-24-0416,12/03/1967,3485-6016-7188-0109,1452 Cedar Ln,Austin,TX,78796,44.89.60.240,35272.45,platinum,2020-06-12,51,True
C00033,Carol,Rodriguez,carol.rodriguez782@proton.me,(334) 217-1256,233-31-0429,11/30/1986,3714-9839-6196-3164,2174 Cedar Ln,Boston,MA,02169,130.33.128.218,23028.14,bronze,2021-08-07,48,False
C00034,Quinn,Allen,quinn.allen655@proton.me,(823) 902-9094,234-38-0442,03/28/1982,5425-1990-1584-3072,7729 Oak Ave,Minneapolis,MN,55459,91.56.29.182,42663.82,silver,2021-02-06,69,False
C00035,Mia,Hernandez,mia.hernandez807@yahoo.com,(910) 734-5857,235-45-0455,10/18/1976,5105-3060-6003-4147,3374 Birch Blvd,Austin,TX,78775,115.180.204.227,6891.77,bronze,2025-03-27,193,False
C00036,David,Anderson,david.anderson980@icloud.com,(496) 858-9531,236-52-0468,05/27/1973,3714-2517-5209-8475,2106 Birch Blvd,New York,NY,10098,144.203.230.33,531.37,bronze,2025-11-03,100,False
C00037,Kate,Williams,kate.williams898@outlook.com,(728) 391-8516,237-59-0481,01/21/1985,4485-6579-4276-0579,5523 Spruce Ter,Miami,FL,33162,194.219.44.180,23192.62,bronze,2020-06-10,94,False
C00038,Zach,Garcia,zach.garcia519@gmail.com,(411) 107-9990,238-66-0494,07/14/1986,3485-6264-8677-3820,9814 Pine Rd,Seattle,WA,98182,162.220.116.164,24417.73,silver,2023-09-14,24,True
C00039,Paul,Sanchez,paul.sanchez964@gmail.com,(391) 277-8291,239-73-0507,01/16/1960,5425-1219-6284-7766,6608 Chestnut Pl,Seattle,WA,98157,174.150.115.112,33402.95,silver,2020-05-28,117,False
C00040,Sam,Martin,sam.martin563@outlook.com,(612) 854-6320,240-80-0520,07/31/1978,4485-9973-3878-2225,3355 Maple Dr,Los Angeles,CA,90059,116.2.11.191,33157.04,silver,2025-12-18,173,True
C00041,Kate,Ramirez,kate.ramirez624@icloud.com,(551) 432-1755,241-87-0533,11/25/1981,4485-7823-6110-8967,8995 Birch Blvd,Miami,FL,33146,119.3.31.95,20692.06,bronze,2024-10-05,149,True
C00042,Yara,Clark,yara.clark298@icloud.com,(541) 828-8800,242-94-0546,08/27/1977,5425-8389-3609-7520,8227 Elm Way,Seattle,WA,98136,135.48.118.166,47747.71,silver,2022-03-29,137,False
C00043,Henry,Allen,henry.allen347@proton.me,(970) 733-1620,243-01-0559,12/28/1956,5105-0198-5105-5369,6808 Main St,Austin,TX,78728,33.226.91.163,40634.01,bronze,2021-08-09,42,True
C00044,Aisha,Smith,aisha.smith539@proton.me,(643) 167-7158,244-08-0572,10/27/1953,3714-3159-2195-9753,7382 Pine Rd,Austin,TX,78748,213.241.223.127,49968.65,gold,2023-11-29,12,False
C00045,Mia,Taylor,mia.taylor355@gmail.com,(520) 469-3293,245-15-0585,10/10/1972,3714-2090-2934-2710,8976 Spruce Ter,Boston,MA,02137,93.172.27.127,23239.24,silver,2021-11-30,120,True
C00046,Isabella,Robinson,isabella.robinson125@gmail.com,(768) 531-7483,246-22-0598,01/23/1998,3485-6208-4867-4316,199 Cedar Ln,Minneapolis,MN,55455,86.145.64.245,4031.9,bronze,2023-11-26,24,True
C00047,Isabella,Smith,isabella.smith298@gmail.com,(652) 313-4468,247-29-0611,06/01/1957,5105-0586-9106-1242,5338 Walnut Ct,Chicago,IL,60619,114.189.214.240,15070.64,bronze,2022-10-28,197,True
C00048,James,Davis,james.davis637@gmail.com,(742) 945-4919,248-36-0624,04/16/1983,4532-1381-6292-2729,2763 Elm Way,Seattle,WA,98140,29.59.220.222,23687.26,bronze,2021-01-21,67,True
C00049,Jamal,Martinez,jamal.martinez375@icloud.com,(435) 273-8214,249-43-0637,10/15/1986,4485-6572-7160-8635,5597 Pine Rd,Seattle,WA,98163,167.170.94.152,12791.03,bronze,2023-01-02,30,True
C00050,Henry,Williams,henry.williams273@gmail.com,(945) 473-3423,250-50-0650,12/09/1988,5105-9865-2601-8313,169 Chestnut Pl,Seattle,WA,98192,217.89.175.30,18166.76,gold,2021-06-19,97,False
C00051,Zach,Lewis,zach.lewis239@proton.me,(913) 131-2798,251-57-0663,06/25/1991,4532-6325-1109-0952,7559 Cedar Ln,Phoenix,AZ,85032,44.90.51.1,40035.59,silver,2024-08-14,151,True
C00052,Liam,Young,liam.young100@gmail.com,(484) 770-4981,252-64-0676,07/04/1965,5105-8341-4786-5681,6317 Cedar Ln,Chicago,IL,60694,176.20.46.106,47357.01,silver,2024-05-13,0,True
C00053,Liam,Anderson,liam.anderson741@gmail.com,(641) 539-5474,253-71-0689,09/13/1981,3485-4133-9972-4636,5724 Birch Blvd,New York,NY,10092,215.231.56.99,48720.21,gold,2021-11-29,3,True
C00054,Noah,Walker,noah.walker345@gmail.com,(436) 182-9998,254-78-0702,02/21/1986,4532-4512-0668-2756,7382 Elm Way,Los Angeles,CA,90003,34.139.189.173,9312.52,bronze,2022-04-27,62,True
C00055,Noah,Perez,noah.perez609@yahoo.com,(745) 322-1710,255-85-0715,09/29/1960,4485-0110-9781-4634,9016 Spruce Ter,Austin,TX,78780,182.109.214.246,7487.68,bronze,2020-01-15,91,False
C00056,Aisha,Young,aisha.young858@outlook.com,(913) 301-9603,256-92-0728,04/11/1995,4532-1337-5489-9389,136 Maple Dr,Boston,MA,02136,162.247.209.136,40841.51,bronze,2024-02-29,169,False
C00057,Rachel,Jones,rachel.jones499@yahoo.com,(612) 104-5122,257-99-0741,10/04/1981,5425-9356-9056-5391,3038 Birch Blvd,Miami,FL,33181,118.129.159.124,28804.29,silver,2024-05-08,67,True
C00058,Grace,Jones,grace.jones112@outlook.com,(349) 393-8324,258-06-0754,01/14/1988,3485-2228-5723-2372,8580 Chestnut Pl,Minneapolis,MN,55407,42.109.196.253,35684.81,bronze,2020-10-31,122,True
C00059,Fatima,White,fatima.white616@yahoo.com,(254) 423-5904,259-13-0767,05/23/1957,4485-3239-5191-1174,2678 Elm Way,Chicago,IL,60682,185.14.152.142,12362.83,silver,2025-12-09,102,True
C00060,Henry,King,henry.king78@proton.me,(937) 745-4831,260-20-0780,03/25/1979,5425-0612-6803-5107,1397 Maple Dr,Chicago,IL,60668,128.233.95.96,45346.5,silver,2023-12-28,181,False
C00061,Rachel,White,rachel.white214@gmail.com,(281) 610-8912,261-27-0793,09/27/1967,4532-5411-3637-3309,2521 Elm Way,Atlanta,GA,30308,57.216.166.246,15779.52,bronze,2020-04-14,154,False
C00062,David,Jackson,david.jackson366@icloud.com,(872) 369-2498,262-34-0806,03/12/1959,3485-3857-8326-8846,1616 Chestnut Pl,New York,NY,10054,84.184.205.128,46774.59,silver,2025-01-16,14,False
C00063,Paul,Lee,paul.lee507@yahoo.com,(367) 903-7651,263-41-0819,01/20/1957,5425-2086-0701-4718,9654 Maple Dr,Chicago,IL,60666,207.61.41.128,48060.25,silver,2022-09-19,186,False
C00064,Wendy,Walker,wendy.walker99@proton.me,(662) 912-3283,264-48-0832,03/14/1971,4532-1849-1865-4273,737 Cedar Ln,Denver,CO,80232,20.139.73.72,1289.05,bronze,2025-08-24,42,False
C00065,Tara,Harris,tara.harris1@yahoo.com,(815) 822-9310,265-55-0845,08/13/1958,3485-9993-9333-7752,5071 Pine Rd,Portland,OR,97201,42.84.138.101,29957.93,silver,2024-08-01,135,False
C00066,Ingrid,Walker,ingrid.walker220@icloud.com,(850) 583-6668,266-62-0858,09/27/1974,3485-5311-1167-7209,5113 Spruce Ter,Minneapolis,MN,55498,16.191.87.43,38967.06,silver,2024-06-04,12,False
C00067,Mia,Perez,mia.perez869@gmail.com,(278) 791-3396,267-69-0871,08/28/1964,3485-2255-0780-2977,2653 Cedar Ln,Chicago,IL,60670,121.54.181.86,4864.26,gold,2025-12-31,7,True
C00068,Mia,Hernandez,mia.hernandez974@icloud.com,(977) 629-3395,268-76-0884,07/09/2003,5425-0326-8374-4448,8316 Walnut Ct,Chicago,IL,60639,53.196.243.117,15257.26,gold,2023-01-06,89,True
C00069,Zach,Miller,zach.miller293@outlook.com,(231) 740-4674,269-83-0897,04/08/1964,5105-4307-5353-3555,2017 Spruce Ter,Austin,TX,78730,83.128.191.129,32749.34,platinum,2025-07-13,31,True
C00070,Sam,Clark,sam.clark457@gmail.com,(481) 678-8879,270-90-0910,06/14/1965,4485-0566-8469-0018,9923 Chestnut Pl,Los Angeles,CA,90017,69.191.249.9,31827.31,silver,2024-02-14,160,False
C00071,Diego,Garcia,diego.garcia775@yahoo.com,(758) 760-8361,271-97-0923,10/26/1962,4485-6936-1420-6222,2203 Maple Dr,Miami,FL,33159,36.254.166.144,46565.66,bronze,2024-09-28,61,False
C00072,Jamal,Gonzalez,jamal.gonzalez512@gmail.com,(277) 747-3570,272-04-0936,10/03/1960,3714-9963-9358-5074,2137 Main St,Chicago,IL,60623,47.107.118.216,7633.65,silver,2021-03-24,167,True
C00073,Victor,Perez,victor.perez240@proton.me,(605) 488-5603,273-11-0949,09/17/1976,3714-6179-7593-9597,7482 Chestnut Pl,Austin,TX,78708,61.201.160.36,10348.0,bronze,2024-09-05,178,True
C00074,Frank,Martinez,frank.martinez352@gmail.com,(281) 833-5202,274-18-0962,10/14/1964,4485-6213-2494-2995,3681 Chestnut Pl,Miami,FL,33183,121.136.201.107,390.39,silver,2024-10-23,36,False
C00075,Noah,Wilson,noah.wilson84@outlook.com,(942) 629-1163,275-25-0975,05/21/1952,3485-5677-2386-5683,9080 Chestnut Pl,Atlanta,GA,30340,207.202.138.11,23142.34,bronze,2023-07-13,118,False
C00076,Isabella,Johnson,isabella.johnson916@outlook.com,(594) 720-8658,276-32-0988,03/13/1999,5105-0995-1054-5429,2803 Birch Blvd,Austin,TX,78777,97.44.87.141,38958.83,bronze,2020-11-13,173,True
C00077,Wendy,Martin,wendy.martin141@gmail.com,(571) 387-9820,277-39-1001,06/28/1987,3485-3547-7302-7040,8938 Walnut Ct,Atlanta,GA,30377,88.57.203.206,14273.79,bronze,2026-01-30,27,False
C00078,Olivia,Lewis,olivia.lewis311@icloud.com,(942) 170-5984,278-46-1014,10/21/1990,4485-3165-4102-4428,4331 Cedar Ln,Miami,FL,33129,15.230.247.15,36739.64,bronze,2021-11-25,47,False
C00079,Quinn,Gonzalez,quinn.gonzalez504@outlook.com,(783) 497-7386,279-53-1027,04/21/1991,5425-0392-4041-3749,6840 Spruce Ter,Los Angeles,CA,90082,95.150.142.243,6749.35,bronze,2025-08-05,78,True
C00080,Bob,Brown,bob.brown307@gmail.com,(564) 133-4208,280-60-1040,08/11/1980,5425-4657-7913-9271,1060 Spruce Ter,Chicago,IL,60689,176.9.217.228,13022.02,silver,2023-01-09,134,True
C00081,Noah,Johnson,noah.johnson208@proton.me,(555) 520-3991,281-67-1053,04/03/1975,4485-5246-5581-4354,6964 Elm Way,New York,NY,10073,47.169.155.208,14014.07,bronze,2023-11-03,165,False
C00082,Ingrid,White,ingrid.white878@proton.me,(529) 119-4336,282-74-1066,02/01/1970,4532-1656-1392-4677,5459 Maple Dr,Austin,TX,78789,20.212.224.200,47524.86,bronze,2021-08-27,141,False
C00083,David,Taylor,david.taylor418@proton.me,(685) 970-6918,283-81-1079,09/05/1999,3485-4796-7721-4208,4313 Maple Dr,Denver,CO,80242,157.173.241.213,20062.73,bronze,2025-10-07,152,False
C00084,Carol,Johnson,carol.johnson258@proton.me,(481) 997-3822,284-88-1092,07/17/1995,4532-2293-1548-1645,6439 Chestnut Pl,New York,NY,10095,171.189.15.69,26908.74,silver,2020-10-08,45,False
C00085,Xander,Allen,xander.allen18@yahoo.com,(445) 652-2493,285-95-1105,05/22/1988,4485-2134-6800-7066,2525 Pine Rd,Minneapolis,MN,55459,71.29.203.59,36926.74,silver,2024-02-09,109,False
C00086,Wendy,Perez,wendy.perez576@gmail.com,(273) 165-3448,286-02-1118,11/14/1964,3714-5800-4957-8416,8041 Pine Rd,Seattle,WA,98113,181.93.145.236,22583.77,bronze,2025-06-14,52,True
C00087,Sam,Ramirez,sam.ramirez964@yahoo.com,(554) 357-6626,287-09-1131,12/13/1970,3714-7060-8838-7166,4618 Main St,Austin,TX,78779,72.189.115.112,10428.3,bronze,2020-08-31,75,True
C00088,Alice,Sanchez,alice.sanchez214@gmail.com,(298) 782-8203,288-16-1144,10/04/1983,3714-2791-3863-6051,3122 Oak Ave,Minneapolis,MN,55459,140.147.229.60,44690.48,platinum,2020-08-14,147,False
C00089,Xander,Smith,xander.smith675@proton.me,(782) 376-4615,289-23-1157,03/26/2000,3485-5310-6174-5351,6461 Oak Ave,New York,NY,10054,210.139.233.70,48745.27,bronze,2024-05-29,132,False
C00090,Tara,Robinson,tara.robinson616@proton.me,(368) 405-6385,290-30-1170,01/19/1966,3485-3828-4772-8592,8218 Oak Ave,Denver,CO,80239,14.56.160.90,437.12,gold,2023-03-26,190,True
C00091,Isabella,Robinson,isabella.robinson996@yahoo.com,(490) 783-3196,291-37-1183,08/20/1995,4532-3940-3496-3698,1857 Birch Blvd,Denver,CO,80245,39.38.86.31,8949.33,bronze,2023-12-02,7,False
C00092,Liam,Hernandez,liam.hernandez239@gmail.com,(694) 136-3533,292-44-1196,10/01/1982,4532-9653-7553-3056,6470 Chestnut Pl,Boston,MA,02132,127.231.247.237,20380.37,gold,2020-08-03,95,True
C00093,Quinn,Taylor,quinn.taylor316@outlook.com,(436) 105-5514,293-51-1209,05/27/1961,5105-0138-4943-9893,6131 Maple Dr,Austin,TX,78744,180.128.146.36,2698.14,silver,2021-05-02,55,False
C00094,Grace,Ramirez,grace.ramirez590@gmail.com,(832) 886-5474,294-58-1222,11/18/1967,3485-8809-8843-1868,604 Walnut Ct,New York,NY,10037,175.15.83.214,42332.25,bronze,2023-07-23,6,True
C00095,Wendy,Robinson,wendy.robinson575@icloud.com,(690) 917-8618,295-65-1235,01/17/2000,4485-1506-8401-8959,1609 Maple Dr,Chicago,IL,60640,107.77.108.195,36146.51,gold,2020-02-21,93,False
C00096,Olivia,Garcia,olivia.garcia447@yahoo.com,(249) 101-9561,296-72-1248,10/03/1994,4532-2886-4288-4208,4977 Walnut Ct,Portland,OR,97208,217.228.253.126,17009.66,platinum,2024-12-30,194,False
C00097,Uma,Thompson,uma.thompson726@outlook.com,(610) 224-8401,297-79-1261,10/21/1976,3714-7209-3085-1452,7959 Oak Ave,Denver,CO,80232,196.30.111.161,38246.74,bronze,2022-06-06,183,False
C00098,Xander,Moore,xander.moore239@outlook.com,(871) 549-8513,298-86-1274,03/02/1951,3485-7466-1311-8102,2191 Birch Blvd,Seattle,WA,98192,114.15.87.49,17043.83,bronze,2023-08-13,33,False
C00099,Victor,Martinez,victor.martinez860@outlook.com,(277) 449-8265,299-93-1287,08/07/1996,4485-4569-9293-1799,4251 Spruce Ter,Denver,CO,80276,175.218.101.235,35504.84,bronze,2025-06-15,92,False
C00100,Aisha,Miller,aisha.miller163@proton.me,(675) 254-1390,300-00-1300,11/29/1961,5425-9183-4384-2004,6329 Walnut Ct,Los Angeles,CA,90016,107.73.245.83,5811.4,gold,2022-09-08,54,False
C00101,Emma,Martin,emma.martin773@gmail.com,(993) 448-4749,301-07-1313,08/26/1996,4532-7394-9888-8763,9960 Chestnut Pl,New York,NY,10003,56.111.94.237,35377.18,bronze,2024-12-01,21,True
C00102,Henry,Miller,henry.miller983@outlook.com,(215) 636-8829,302-14-1326,11/01/1968,3714-4711-6137-8337,2157 Cedar Ln,Seattle,WA,98114,40.34.154.125,27172.85,bronze,2022-05-24,141,False
C00103,Henry,Rodriguez,henry.rodriguez693@outlook.com,(710) 166-2431,303-21-1339,04/11/2004,5105-3677-2082-6603,8475 Main St,Seattle,WA,98178,220.136.218.85,21183.5,silver,2023-09-28,191,True
C00104,Yara,Perez,yara.perez2@yahoo.com,(376) 645-3599,304-28-1352,12/25/1972,5425-9759-0476-4862,3130 Walnut Ct,Phoenix,AZ,85037,157.84.241.15,36890.56,silver,2024-01-10,91,True
C00105,Kate,Young,kate.young709@gmail.com,(320) 931-7925,305-35-1365,12/24/1996,4485-1225-6655-5540,5449 Spruce Ter,Denver,CO,80299,36.8.11.166,33436.04,silver,2021-12-14,119,True
C00106,Olivia,Lopez,olivia.lopez246@gmail.com,(223) 901-9830,306-42-1378,01/19/2002,5105-0079-2861-5730,1810 Elm Way,Denver,CO,80222,222.244.158.106,14555.21,bronze,2022-05-30,94,True
C00107,Alice,Thomas,alice.thomas823@outlook.com,(274) 772-7780,307-49-1391,04/21/1996,3714-0524-7477-4061,8077 Cedar Ln,Phoenix,AZ,85085,65.21.153.3,16355.23,gold,2025-06-12,150,False
C00108,Frank,Davis,frank.davis655@yahoo.com,(746) 859-3953,308-56-1404,06/09/1999,5425-7404-8211-4849,8780 Maple Dr,Miami,FL,33118,195.255.72.56,15827.12,gold,2024-11-12,199,True
C00109,Emma,Taylor,emma.taylor190@gmail.com,(407) 219-5807,309-63-1417,12/31/1974,4485-5581-2889-4167,4465 Main St,Boston,MA,02168,217.31.15.212,34595.17,platinum,2024-12-10,78,False
C00110,Noah,Rodriguez,noah.rodriguez287@gmail.com,(663) 624-8745,310-70-1430,09/10/1970,3714-6246-4189-2517,9709 Pine Rd,Atlanta,GA,30354,189.0.139.70,23387.0,gold,2021-10-04,78,False
C00111,Uma,Brown,uma.brown807@yahoo.com,(305) 672-5321,311-77-1443,10/26/1956,4532-3960-6082-6860,4682 Chestnut Pl,Austin,TX,78732,86.228.236.211,33712.01,gold,2023-04-01,145,True
C00112,Emma,King,emma.king579@proton.me,(326) 227-4152,312-84-1456,06/16/1985,5425-8641-9777-0906,8339 Main St,New York,NY,10095,36.208.82.254,24680.94,bronze,2022-01-21,73,True
C00113,Liam,Martinez,liam.martinez936@outlook.com,(251) 845-8873,313-91-1469,08/09/1951,3714-7447-2566-6050,6138 Maple Dr,Minneapolis,MN,55461,72.143.237.245,27066.6,silver,2025-09-20,4,False
C00114,Alice,Allen,alice.allen61@gmail.com,(914) 706-4231,314-98-1482,03/12/1975,5425-6707-2185-9647,3563 Maple Dr,New York,NY,10077,205.184.194.44,15056.45,silver,2023-10-22,164,True
C00115,Xander,Gonzalez,xander.gonzalez775@gmail.com,(963) 860-5677,315-05-1495,10/05/1997,4532-8284-7934-9822,218 Walnut Ct,Chicago,IL,60616,116.113.224.176,23028.88,gold,2022-08-25,163,True
C00116,Frank,Clark,frank.clark140@proton.me,(401) 494-3341,316-12-1508,11/05/1952,5425-3054-8706-2593,1642 Chestnut Pl,Seattle,WA,98135,81.100.0.252,8046.97,bronze,2024-12-12,76,False
C00117,Aisha,Harris,aisha.harris101@gmail.com,(861) 150-5429,317-19-1521,04/30/1954,5425-6786-5919-0352,173 Elm Way,Phoenix,AZ,85033,126.71.238.204,35879.45,silver,2023-12-11,71,True
C00118,Quinn,Martinez,quinn.martinez707@outlook.com,(776) 798-9597,318-26-1534,07/25/1996,3485-1025-9515-5587,7748 Cedar Ln,Minneapolis,MN,55490,88.24.177.116,49572.94,bronze,2024-09-14,77,True
C00119,Hiro,Lewis,hiro.lewis438@proton.me,(922) 213-6188,319-33-1547,02/13/1973,3485-1980-1024-2485,4635 Elm Way,Seattle,WA,98168,24.214.18.39,5012.08,gold,2025-09-07,24,True
C00120,Uma,Miller,uma.miller639@proton.me,(953) 718-9499,320-40-1560,10/25/1978,5105-3318-5271-4436,3849 Elm Way,Atlanta,GA,30341,80.116.19.142,10778.89,bronze,2021-09-27,168,False
C00121,Mia,Robinson,mia.robinson537@icloud.com,(995) 292-6661,321-47-1573,05/30/1988,5105-2553-2067-2207,343 Elm Way,Phoenix,AZ,85085,53.149.1.39,14922.71,platinum,2020-01-13,37,True
C00122,Paul,Thomas,paul.thomas861@gmail.com,(339) 416-2287,322-54-1586,02/06/1987,4485-0153-5846-9386,3847 Elm Way,Seattle,WA,98168,55.55.99.223,28031.95,gold,2024-08-03,150,True
C00123,Tara,Rodriguez,tara.rodriguez430@outlook.com,(890) 486-4867,323-61-1599,01/20/1953,5425-8175-8807-3673,2566 Maple Dr,Minneapolis,MN,55419,165.152.174.239,38016.8,bronze,2026-02-28,57,True
C00124,Zach,Gonzalez,zach.gonzalez994@icloud.com,(905) 830-9567,324-68-1612,11/13/1974,3485-9158-6608-1645,6630 Maple Dr,Los Angeles,CA,90003,58.77.100.103,20683.33,silver,2024-07-01,136,False
C00125,Alice,Martinez,alice.martinez816@gmail.com,(243) 350-6126,325-75-1625,02/28/1984,5105-4091-8585-4587,3172 Chestnut Pl,Portland,OR,97204,201.227.183.244,23573.35,silver,2024-06-12,176,False
C00126,Frank,Harris,frank.harris173@yahoo.com,(309) 195-6508,326-82-1638,04/09/1963,5425-2203-6693-8499,4650 Birch Blvd,New York,NY,10051,16.188.115.164,48448.32,bronze,2020-11-08,52,True
C00127,Grace,Young,grace.young798@outlook.com,(726) 566-4118,327-89-1651,12/22/1993,4485-5274-6100-1978,9840 Main St,Portland,OR,97269,49.50.87.4,34699.1,bronze,2026-02-01,138,True
C00128,Henry,Moore,henry.moore441@outlook.com,(451) 811-1147,328-96-1664,01/29/1958,5105-5147-2439-2662,163 Cedar Ln,Atlanta,GA,30367,104.158.91.181,38273.89,bronze,2023-10-15,99,True
C00129,Frank,Williams,frank.williams728@gmail.com,(219) 719-1207,329-03-1677,01/09/1994,5105-1440-5997-8402,4486 Pine Rd,Los Angeles,CA,90072,87.9.240.37,7537.91,bronze,2020-03-02,87,True
C00130,Alice,Brown,alice.brown73@yahoo.com,(675) 827-8338,330-10-1690,11/21/1969,3485-5245-9267-2197,936 Cedar Ln,Boston,MA,02179,214.241.168.214,34478.98,platinum,2023-09-26,7,False
C00131,Zach,Wilson,zach.wilson4@gmail.com,(832) 982-9383,331-17-1703,03/17/1996,4532-1999-8679-4289,9144 Birch Blvd,Denver,CO,80251,152.130.144.20,16036.59,silver,2024-10-06,26,True
C00132,Olivia,Hernandez,olivia.hernandez537@gmail.com,(828) 268-9356,332-24-1716,06/03/1959,5425-9957-7082-7542,2645 Oak Ave,Minneapolis,MN,55457,19.138.253.161,5626.82,platinum,2024-12-28,42,True
C00133,James,Hernandez,james.hernandez394@proton.me,(915) 828-1148,333-31-1729,07/26/1963,3714-9668-6878-8626,4384 Chestnut Pl,Denver,CO,80225,118.254.99.163,36607.81,gold,2021-08-14,199,True
C00134,Bob,Thomas,bob.thomas148@icloud.com,(275) 220-6914,334-38-1742,12/14/1972,4485-4063-5299-3362,8829 Chestnut Pl,Portland,OR,97297,125.87.37.4,13629.02,silver,2026-01-04,49,True
C00135,Yara,Smith,yara.smith275@outlook.com,(404) 313-7673,335-45-1755,01/04/1977,4485-8074-4726-3694,4114 Oak Ave,Atlanta,GA,30321,58.191.105.230,48995.62,silver,2021-01-27,163,False
C00136,Olivia,Miller,olivia.miller961@proton.me,(673) 839-9634,336-52-1768,05/03/1987,3485-7965-3931-5781,1224 Cedar Ln,Phoenix,AZ,85062,113.51.249.39,39307.39,gold,2024-03-14,14,True
C00137,Carol,Garcia,carol.garcia396@gmail.com,(562) 388-8707,337-59-1781,04/29/1962,4485-6111-5386-7024,6393 Maple Dr,Portland,OR,97211,191.71.58.130,25255.19,bronze,2021-12-26,164,False
C00138,Hiro,Taylor,hiro.taylor657@icloud.com,(474) 414-9261,338-66-1794,08/23/1951,3485-3741-7009-8483,3956 Spruce Ter,Chicago,IL,60617,76.134.206.31,11705.86,silver,2024-12-29,19,True
C00139,David,Moore,david.moore798@yahoo.com,(521) 674-6622,339-73-1807,11/05/1992,4532-5469-0663-3839,6233 Spruce Ter,Boston,MA,02191,174.32.33.172,3462.82,bronze,2023-03-20,163,False
C00140,Uma,Martinez,uma.martinez744@outlook.com,(846) 564-2980,340-80-1820,05/19/2004,3485-6080-7351-5632,396 Chestnut Pl,New York,NY,10056,41.123.104.111,19677.63,bronze,2020-12-28,141,True
C00141,Fatima,Moore,fatima.moore141@icloud.com,(987) 872-2546,341-87-1833,10/15/1986,4532-4099-0250-6745,3651 Elm Way,Phoenix,AZ,85084,126.139.24.86,46540.75,gold,2025-11-05,130,False
C00142,Mia,Robinson,mia.robinson605@yahoo.com,(569) 315-4434,342-94-1846,04/20/2005,3714-5040-6376-9620,3461 Birch Blvd,Miami,FL,33172,105.211.56.92,5213.99,bronze,2023-05-02,199,False
C00143,Noah,Thompson,noah.thompson811@yahoo.com,(377) 279-1107,343-01-1859,03/16/1995,5425-4532-1533-9146,8408 Pine Rd,Miami,FL,33126,13.177.212.131,45916.49,bronze,2025-06-30,132,True
C00144,Liam,Walker,liam.walker730@yahoo.com,(249) 540-6605,344-08-1872,01/17/1990,4532-8751-4527-6421,3748 Cedar Ln,Los Angeles,CA,90027,141.61.164.138,39905.46,bronze,2022-12-10,37,False
C00145,Rachel,Thomas,rachel.thomas652@icloud.com,(438) 845-5302,345-15-1885,12/18/1984,3485-5829-0482-2119,1246 Maple Dr,Portland,OR,97260,172.33.106.225,15165.74,gold,2023-11-13,153,False
C00146,Quinn,Miller,quinn.miller100@gmail.com,(333) 486-2135,346-22-1898,11/16/1993,5105-3178-1340-9792,6827 Chestnut Pl,Chicago,IL,60653,203.69.241.135,34265.6,gold,2021-01-28,147,False
C00147,Noah,Davis,noah.davis740@icloud.com,(211) 428-1805,347-29-1911,11/08/1956,3485-2812-8919-2364,9769 Elm Way,Atlanta,GA,30306,204.29.234.7,33757.54,bronze,2022-08-24,2,True
C00148,Ingrid,Perez,ingrid.perez365@outlook.com,(267) 245-4513,348-36-1924,01/02/2000,5425-4606-5088-1883,2990 Pine Rd,Atlanta,GA,30363,61.110.91.226,10009.81,platinum,2025-11-24,43,False
C00149,Emma,Martinez,emma.martinez265@gmail.com,(473) 349-5640,349-43-1937,11/09/1953,3485-1828-8467-5639,6598 Walnut Ct,Minneapolis,MN,55468,19.162.230.50,8561.15,bronze,2021-07-04,160,False
C00150,Olivia,Johnson,olivia.johnson637@icloud.com,(492) 568-4743,350-50-1950,05/13/1958,5105-3578-9783-2413,6060 Birch Blvd,Seattle,WA,98160,178.213.17.216,22382.38,bronze,2020-04-20,188,False
C00151,Kate,Martinez,kate.martinez716@icloud.com,(346) 629-1623,351-57-1963,02/23/2004,3485-1273-1386-9681,2913 Cedar Ln,Austin,TX,78775,44.109.53.181,36279.65,bronze,2022-03-04,186,True
C00152,Victor,Smith,victor.smith907@icloud.com,(270) 116-1795,352-64-1976,11/25/2001,5425-9392-0866-9811,573 Oak Ave,Miami,FL,33143,34.250.77.82,37494.53,silver,2022-11-04,106,False
C00153,Wendy,White,wendy.white203@yahoo.com,(515) 219-1514,353-71-1989,07/13/1986,5105-4247-3599-3708,1521 Oak Ave,Miami,FL,33138,117.211.159.87,9645.89,bronze,2024-04-02,134,True
C00154,Mia,Lewis,mia.lewis707@outlook.com,(893) 514-6239,354-78-2002,12/29/1961,3714-5397-3470-8275,3341 Walnut Ct,Miami,FL,33144,108.97.186.150,33812.24,gold,2021-08-12,140,False
C00155,Paul,Allen,paul.allen857@yahoo.com,(548) 629-6794,355-85-2015,10/23/1998,5425-5433-0439-9283,2613 Elm Way,Los Angeles,CA,90020,167.157.27.163,7873.19,bronze,2020-08-14,93,False
C00156,Diego,Brown,diego.brown260@proton.me,(507) 677-3588,356-92-2028,10/27/1971,3485-5719-9960-6932,7803 Maple Dr,Los Angeles,CA,90051,54.208.47.111,30523.03,silver,2021-12-23,133,False
C00157,Uma,Hernandez,uma.hernandez429@gmail.com,(254) 680-6747,357-99-2041,04/20/2004,5105-5692-5779-9527,9991 Pine Rd,Portland,OR,97286,54.58.150.118,42502.86,bronze,2023-11-14,35,True
C00158,Emma,Robinson,emma.robinson940@proton.me,(282) 234-5319,358-06-2054,10/17/1983,4485-9107-8602-5115,7106 Chestnut Pl,Chicago,IL,60666,135.213.172.191,31223.25,bronze,2020-04-07,7,False
C00159,Carol,Miller,carol.miller752@icloud.com,(449) 240-8328,359-13-2067,03/08/1961,3714-9956-8068-6323,9471 Birch Blvd,Miami,FL,33161,186.171.38.79,38605.56,bronze,2026-01-12,11,True
C00160,Fatima,Miller,fatima.miller356@yahoo.com,(715) 308-6097,360-20-2080,04/03/2004,3485-4741-6790-9339,8055 Elm Way,Miami,FL,33173,163.48.163.224,11442.89,silver,2021-05-07,130,False
C00161,Xander,Taylor,xander.taylor795@icloud.com,(220) 408-6892,361-27-2093,09/04/1974,4532-5891-3864-3071,6278 Chestnut Pl,Chicago,IL,60665,184.204.65.238,39703.0,bronze,2020-10-02,194,True
C00162,Noah,Clark,noah.clark768@outlook.com,(800) 623-8982,362-34-2106,11/25/1958,3714-2012-3964-0956,3793 Birch Blvd,Los Angeles,CA,90094,206.80.242.33,3179.04,silver,2020-05-09,67,False
C00163,James,Rodriguez,james.rodriguez639@icloud.com,(345) 483-5323,363-41-2119,10/01/1965,3714-0223-3443-9098,5826 Oak Ave,Portland,OR,97222,222.217.137.131,46417.67,bronze,2025-05-03,154,False
C00164,Isabella,Brown,isabella.brown969@outlook.com,(736) 899-8439,364-48-2132,09/13/2003,3714-8206-1983-5444,5082 Main St,Los Angeles,CA,90023,108.238.118.182,43746.99,gold,2021-07-20,90,True
C00165,Zach,Perez,zach.perez256@outlook.com,(880) 289-2380,365-55-2145,10/30/1970,5425-9726-0287-3202,9031 Main St,Portland,OR,97215,14.172.70.172,47836.47,gold,2022-09-01,92,True
C00166,Kate,Johnson,kate.johnson754@yahoo.com,(942) 196-5453,366-62-2158,02/29/1996,5425-6948-1792-5078,7011 Main St,Boston,MA,02173,103.134.177.169,18064.34,bronze,2024-08-26,138,False
C00167,Ingrid,Rodriguez,ingrid.rodriguez570@outlook.com,(469) 941-7088,367-69-2171,02/22/1950,3714-1898-9924-9238,1675 Elm Way,Denver,CO,80286,174.183.230.78,6467.98,gold,2021-05-03,110,True
C00168,Emma,Perez,emma.perez438@yahoo.com,(496) 118-5895,368-76-2184,02/21/1952,3714-6089-7315-8946,5642 Birch Blvd,New York,NY,10037,100.172.229.205,7768.78,silver,2020-04-24,6,False
C00169,Noah,Lopez,noah.lopez148@outlook.com,(670) 564-1791,369-83-2197,07/22/1972,5105-9394-6689-9331,5833 Pine Rd,Miami,FL,33163,70.235.4.89,6762.72,bronze,2024-12-13,182,True
C00170,Quinn,Wilson,quinn.wilson885@icloud.com,(219) 111-6405,370-90-2210,03/09/1978,4532-8511-5133-2835,1629 Oak Ave,Los Angeles,CA,90044,103.8.83.211,11546.46,platinum,2025-02-03,37,False
C00171,Mia,King,mia.king315@proton.me,(719) 753-5782,371-97-2223,03/02/1956,5105-2867-1352-6918,8510 Chestnut Pl,Denver,CO,80259,173.75.78.141,36456.71,bronze,2020-06-15,64,False
C00172,Uma,Lewis,uma.lewis874@icloud.com,(840) 856-8822,372-04-2236,11/05/1963,5105-2073-4282-1498,5509 Elm Way,Austin,TX,78746,209.89.191.29,20993.19,bronze,2024-07-02,83,True
C00173,Quinn,Wilson,quinn.wilson556@outlook.com,(745) 139-2518,373-11-2249,11/29/1999,4485-9180-9780-0478,8438 Spruce Ter,Seattle,WA,98128,113.43.61.81,11363.65,bronze,2025-02-28,133,False
C00174,Paul,Gonzalez,paul.gonzalez967@proton.me,(355) 505-5728,374-18-2262,07/09/1993,4485-9634-1837-8208,2631 Elm Way,Denver,CO,80224,202.175.19.241,14420.89,silver,2024-02-14,178,True
C00175,James,Lee,james.lee498@gmail.com,(321) 595-1943,375-25-2275,11/27/1964,4532-5700-4552-2407,7131 Cedar Ln,Minneapolis,MN,55480,89.200.46.235,34135.21,bronze,2024-01-14,34,False
C00176,Quinn,Walker,quinn.walker51@icloud.com,(477) 137-4982,376-32-2288,06/13/1987,5425-7057-5127-5771,6002 Elm Way,Denver,CO,80291,46.224.107.233,17079.55,bronze,2022-09-06,4,False
C00177,Kate,Thompson,kate.thompson150@icloud.com,(535) 891-9531,377-39-2301,05/19/1964,4532-6851-3520-0544,8277 Cedar Ln,Atlanta,GA,30372,199.119.10.91,25265.32,bronze,2023-05-29,116,False
C00178,Fatima,Johnson,fatima.johnson450@proton.me,(885) 155-8301,378-46-2314,05/20/1962,4532-3766-1303-0871,3399 Cedar Ln,Chicago,IL,60614,84.17.22.156,11956.81,bronze,2024-11-04,189,True
C00179,Rachel,Perez,rachel.perez718@yahoo.com,(509) 631-4326,379-53-2327,12/13/1966,5105-4575-0769-2732,1174 Oak Ave,Miami,FL,33111,158.37.69.218,12605.32,silver,2021-11-25,1,True
C00180,Diego,Lee,diego.lee915@gmail.com,(953) 778-2659,380-60-2340,10/14/1981,3485-3527-2452-0185,8018 Spruce Ter,Denver,CO,80281,72.80.3.18,23775.81,silver,2020-05-12,111,True
C00181,Isabella,Smith,isabella.smith883@outlook.com,(510) 319-3837,381-67-2353,03/23/1965,4485-5157-2214-4368,9379 Spruce Ter,Atlanta,GA,30376,76.139.125.92,17593.97,bronze,2025-07-02,139,True
C00182,Frank,Taylor,frank.taylor874@yahoo.com,(486) 148-9357,382-74-2366,07/30/1974,5105-5018-7154-9135,4363 Oak Ave,Portland,OR,97266,48.97.239.132,21437.13,gold,2025-12-21,64,False
C00183,Aisha,Robinson,aisha.robinson540@yahoo.com,(989) 715-8761,383-81-2379,08/05/1968,5425-2896-8983-9361,2836 Birch Blvd,Austin,TX,78720,140.132.3.185,44474.24,silver,2022-07-20,87,False
C00184,Alice,Jones,alice.jones612@icloud.com,(760) 797-5334,384-88-2392,09/18/1952,5105-7310-0725-3246,9588 Oak Ave,Boston,MA,02186,151.72.202.210,49637.73,bronze,2023-11-24,105,False
C00185,Sam,King,sam.king912@icloud.com,(219) 342-7017,385-95-2405,08/10/1968,4485-6320-5630-0501,6638 Cedar Ln,Boston,MA,02169,162.97.148.53,45972.54,silver,2020-11-23,8,False
C00186,Alice,Jones,alice.jones889@yahoo.com,(267) 585-7193,386-02-2418,11/30/1998,3485-9684-4735-2431,8535 Main St,Boston,MA,02156,132.92.103.230,22180.17,bronze,2022-07-28,101,False
C00187,Victor,Smith,victor.smith938@yahoo.com,(845) 537-2310,387-09-2431,10/26/1961,4485-1441-4650-0501,7449 Spruce Ter,Austin,TX,78719,121.59.16.100,34827.43,bronze,2025-02-04,128,True
C00188,Olivia,Davis,olivia.davis741@proton.me,(992) 288-2757,388-16-2444,09/27/1963,3485-1454-3025-1948,775 Chestnut Pl,Seattle,WA,98185,41.146.219.38,49124.66,bronze,2024-08-13,11,True
C00189,Yara,Gonzalez,yara.gonzalez915@gmail.com,(409) 604-6942,389-23-2457,04/30/1954,4532-6244-2047-4162,6270 Chestnut Pl,Denver,CO,80225,177.175.20.77,26075.65,gold,2022-06-15,51,False
C00190,Victor,Walker,victor.walker111@outlook.com,(235) 475-1351,390-30-2470,11/24/1960,4532-0198-0029-3785,4632 Elm Way,Los Angeles,CA,90057,99.90.157.48,29434.85,silver,2023-08-04,50,False
C00191,Wendy,Wilson,wendy.wilson805@outlook.com,(587) 159-4233,391-37-2483,02/13/1977,5425-1200-4922-6979,8115 Elm Way,Los Angeles,CA,90077,39.14.191.227,18564.61,gold,2022-12-10,39,False
C00192,Bob,Smith,bob.smith614@outlook.com,(226) 695-2963,392-44-2496,02/11/1965,5105-4225-6220-6417,2043 Walnut Ct,Denver,CO,80293,49.137.245.3,18600.95,silver,2020-06-10,151,True
C00193,Aisha,Martinez,aisha.martinez315@outlook.com,(800) 674-2031,393-51-2509,04/05/1963,3714-7375-0022-8442,1530 Walnut Ct,New York,NY,10003,86.57.86.141,36122.68,bronze,2023-01-29,114,True
C00194,Xander,Martinez,xander.martinez478@icloud.com,(797) 894-5141,394-58-2522,01/03/1969,4485-3793-8845-2461,9654 Walnut Ct,Los Angeles,CA,90007,61.250.190.31,35849.4,bronze,2021-09-17,134,True
C00195,Hiro,Johnson,hiro.johnson52@outlook.com,(754) 717-8765,395-65-2535,01/23/1974,3485-2461-7311-9763,5856 Maple Dr,Denver,CO,80281,50.7.32.69,7926.65,silver,2021-11-03,200,True
C00196,Ingrid,White,ingrid.white236@icloud.com,(807) 220-4154,396-72-2548,05/23/1953,4485-3941-4366-0363,2125 Maple Dr,Austin,TX,78793,42.150.58.184,17434.04,bronze,2020-07-30,2,False
C00197,Xander,Young,xander.young294@outlook.com,(734) 701-1428,397-79-2561,03/22/1969,3485-7227-9588-6042,7935 Chestnut Pl,New York,NY,10074,217.228.141.219,30757.79,platinum,2022-01-13,140,False
C00198,Kate,Martin,kate.martin320@yahoo.com,(810) 165-5613,398-86-2574,10/28/1977,5105-7594-9140-3220,3656 Oak Ave,Miami,FL,33123,78.217.121.79,3649.97,bronze,2020-07-09,132,False
C00199,Diego,Perez,diego.perez827@outlook.com,(976) 106-6114,399-93-2587,08/26/1997,3714-4432-2921-3377,318 Pine Rd,Chicago,IL,60668,186.100.136.166,43627.43,bronze,2020-11-18,172,True
C00200,Yara,Clark,yara.clark45@icloud.com,(970) 242-8791,400-00-2600,10/01/2000,4485-3807-0439-7521,2225 Birch Blvd,Miami,FL,33183,190.198.54.39,23550.37,bronze,2020-05-21,110,False
C00201,Bob,Ramirez,bob.ramirez576@yahoo.com,(565) 597-5032,401-07-2613,12/23/1950,4532-1352-1750-5599,534 Maple Dr,Portland,OR,97291,56.230.244.63,2542.97,gold,2020-08-02,97,True
C00202,Rachel,Jones,rachel.jones853@icloud.com,(432) 351-3675,402-14-2626,03/15/2000,5105-0581-9008-6688,7397 Oak Ave,Minneapolis,MN,55490,31.19.224.193,39752.18,bronze,2024-11-03,38,False
C00203,Yara,Jackson,yara.jackson240@yahoo.com,(932) 187-7916,403-21-2639,06/21/1990,4485-9846-3246-4444,9186 Pine Rd,Portland,OR,97209,35.92.192.76,39369.55,silver,2022-11-24,79,True
C00204,James,Hernandez,james.hernandez412@gmail.com,(309) 185-8357,404-28-2652,04/15/1985,5105-7866-1456-7764,1345 Elm Way,Phoenix,AZ,85099,164.174.16.231,9606.07,bronze,2024-06-16,134,False
C00205,Mia,Jackson,mia.jackson743@proton.me,(812) 819-5204,405-35-2665,10/31/1999,4485-9921-2337-4860,8227 Maple Dr,Boston,MA,02126,141.102.222.162,26418.84,silver,2021-01-25,11,False
C00206,Liam,Lee,liam.lee223@outlook.com,(448) 226-9136,406-42-2678,05/24/1962,3714-9365-0017-2501,7761 Main St,Austin,TX,78765,176.207.33.185,28196.85,gold,2024-08-08,17,False
C00207,Sam,Jackson,sam.jackson714@proton.me,(631) 532-5327,407-49-2691,09/14/1985,4485-8288-7478-6528,8176 Walnut Ct,Phoenix,AZ,85033,193.107.168.14,28073.04,bronze,2021-03-29,60,True
C00208,David,White,david.white529@proton.me,(799) 262-9680,408-56-2704,11/20/1999,3714-4925-2413-8506,2657 Oak Ave,Miami,FL,33172,97.229.109.43,48833.54,bronze,2022-05-08,185,False
C00209,Carol,Anderson,carol.anderson45@outlook.com,(432) 312-3833,409-63-2717,07/25/1975,4532-1318-3355-5409,1563 Chestnut Pl,Boston,MA,02192,122.72.172.51,44285.7,silver,2021-04-27,35,False
C00210,Xander,Moore,xander.moore430@yahoo.com,(312) 436-7131,410-70-2730,07/23/1962,4485-3338-4562-4850,5515 Pine Rd,Denver,CO,80248,105.24.8.104,21872.6,bronze,2020-04-15,129,True
C00211,Wendy,Martin,wendy.martin77@yahoo.com,(496) 585-5243,411-77-2743,12/17/1981,5105-4981-7370-9839,8073 Chestnut Pl,Phoenix,AZ,85049,109.50.244.45,18921.39,gold,2020-08-22,120,False
C00212,Xander,Harris,xander.harris145@yahoo.com,(712) 945-4359,412-84-2756,08/29/1986,3714-5714-7899-6855,5447 Main St,New York,NY,10075,144.158.166.116,40618.97,bronze,2021-09-09,185,True
C00213,Jamal,Martin,jamal.martin855@outlook.com,(240) 276-6390,413-91-2769,01/27/2000,3714-7659-6935-5907,6697 Cedar Ln,Denver,CO,80279,170.43.64.223,46850.44,platinum,2024-04-07,68,True
C00214,Olivia,Brown,olivia.brown619@gmail.com,(981) 469-9076,414-98-2782,04/02/1986,5425-1030-2891-8341,1160 Oak Ave,Seattle,WA,98176,49.194.167.18,9016.7,bronze,2024-01-01,94,True
C00215,Wendy,Martinez,wendy.martinez138@yahoo.com,(677) 315-6077,415-05-2795,10/26/1975,4532-2923-1012-6260,1766 Pine Rd,Portland,OR,97284,106.10.192.70,3942.4,bronze,2024-08-26,4,True
C00216,Paul,Thomas,paul.thomas99@gmail.com,(975) 322-5970,416-12-2808,05/16/1981,4532-1292-5155-7372,8891 Spruce Ter,Seattle,WA,98123,86.45.137.98,43226.99,platinum,2026-01-03,171,False
C00217,Quinn,Thompson,quinn.thompson227@outlook.com,(985) 346-1728,417-19-2821,12/30/1979,4532-6792-3919-3163,8557 Oak Ave,Portland,OR,97221,135.143.156.76,48375.38,bronze,2022-10-28,92,False
C00218,Xander,Rodriguez,xander.rodriguez156@outlook.com,(410) 673-1876,418-26-2834,03/02/1989,3714-7722-6363-0323,5824 Cedar Ln,Atlanta,GA,30388,210.134.154.34,43386.01,silver,2020-05-13,81,True
C00219,Frank,Johnson,frank.johnson277@yahoo.com,(692) 546-6550,419-33-2847,04/12/1978,5425-1174-2865-0061,3881 Spruce Ter,Austin,TX,78757,209.94.111.126,22853.86,silver,2022-01-11,75,True
C00220,Liam,Young,liam.young628@icloud.com,(331) 931-9481,420-40-2860,07/22/1988,5105-4526-0432-7242,6327 Main St,Austin,TX,78712,200.237.15.173,35287.49,bronze,2023-10-28,95,True
C00221,James,White,james.white143@proton.me,(968) 994-3094,421-47-2873,08/10/1997,4532-0940-3389-3075,5546 Cedar Ln,Boston,MA,02110,137.98.93.42,35592.89,silver,2020-06-19,74,True
C00222,Olivia,Lopez,olivia.lopez546@icloud.com,(480) 291-9553,422-54-2886,10/20/1972,3485-7851-4232-6151,3173 Maple Dr,Phoenix,AZ,85039,55.141.179.69,37524.3,silver,2021-02-19,37,True
C00223,David,White,david.white556@proton.me,(735) 976-9359,423-61-2899,02/28/1962,3714-1833-5756-9282,8838 Spruce Ter,Seattle,WA,98146,14.111.212.145,46261.3,gold,2022-10-17,171,True
C00224,James,Miller,james.miller366@gmail.com,(552) 743-9652,424-68-2912,11/24/1965,3485-3828-8034-2382,185 Maple Dr,Boston,MA,02188,185.95.154.90,39871.14,bronze,2023-07-13,87,False
C00225,Grace,Lewis,grace.lewis814@gmail.com,(425) 195-2511,425-75-2925,04/27/1990,5105-5020-0619-3861,9360 Oak Ave,Atlanta,GA,30384,36.175.101.199,16994.66,bronze,2021-07-27,185,False
C00226,Alice,Jones,alice.jones311@outlook.com,(748) 329-5911,426-82-2938,04/05/1971,3714-1225-1224-3441,9443 Cedar Ln,Portland,OR,97205,35.226.215.205,2051.79,bronze,2025-05-21,156,False
C00227,Quinn,Perez,quinn.perez435@gmail.com,(361) 142-4316,427-89-2951,06/24/1954,4532-1865-3637-1438,4863 Chestnut Pl,Portland,OR,97285,164.54.118.149,21028.9,silver,2023-11-29,35,False
C00228,Henry,Martinez,henry.martinez701@icloud.com,(722) 862-5462,428-96-2964,05/08/1964,4532-4579-1628-6799,8058 Main St,New York,NY,10091,36.218.120.175,42957.67,gold,2020-04-20,164,True
C00229,Hiro,Hernandez,hiro.hernandez929@outlook.com,(957) 404-9340,429-03-2977,06/19/1953,4532-0628-1310-5122,8691 Birch Blvd,Seattle,WA,98130,21.64.203.249,43763.51,bronze,2020-11-18,22,False
C00230,Grace,Garcia,grace.garcia625@icloud.com,(538) 878-8439,430-10-2990,10/24/1966,5105-5954-4585-1048,8457 Elm Way,Atlanta,GA,30339,18.198.34.110,5596.25,platinum,2022-05-26,183,True
C00231,Aisha,Robinson,aisha.robinson70@icloud.com,(638) 166-4303,431-17-3003,02/25/1970,3485-4509-2589-6738,7973 Main St,Phoenix,AZ,85034,18.232.223.52,49201.38,silver,2020-07-23,123,True
C00232,Olivia,Ramirez,olivia.ramirez56@proton.me,(635) 982-5902,432-24-3016,01/02/1962,5425-3737-6051-0900,5355 Walnut Ct,New York,NY,10053,78.121.217.24,25456.12,bronze,2021-07-02,24,False
C00233,Tara,Martinez,tara.martinez238@yahoo.com,(714) 155-4300,433-31-3029,08/20/1950,4485-8078-7450-5996,3134 Cedar Ln,Portland,OR,97276,218.19.121.245,15690.91,bronze,2020-02-18,3,False
C00234,Ingrid,White,ingrid.white520@proton.me,(619) 367-5591,434-38-3042,10/07/2004,4485-1375-7672-8244,7795 Pine Rd,Minneapolis,MN,55409,39.245.178.134,5255.58,platinum,2025-07-03,120,False
C00235,Liam,Sanchez,liam.sanchez934@icloud.com,(776) 604-1364,435-45-3055,08/13/1951,5425-6688-6993-8956,1851 Oak Ave,Chicago,IL,60689,29.212.17.190,23409.77,silver,2020-01-20,142,True
C00236,Aisha,Lopez,aisha.lopez210@gmail.com,(678) 251-1799,436-52-3068,01/10/1986,5105-9709-7749-3360,6203 Elm Way,Austin,TX,78788,42.171.76.87,5070.21,platinum,2023-01-07,198,True
C00237,Uma,Jackson,uma.jackson167@icloud.com,(868) 580-3170,437-59-3081,05/07/1962,5425-1247-2203-5641,6766 Elm Way,Atlanta,GA,30384,110.171.170.163,29637.37,platinum,2023-11-15,97,False
C00238,Noah,Jones,noah.jones697@gmail.com,(814) 931-8227,438-66-3094,02/07/1996,3485-5848-0915-3441,9503 Walnut Ct,New York,NY,10037,193.83.209.99,10619.99,platinum,2020-01-07,54,False
C00239,Aisha,Young,aisha.young530@gmail.com,(267) 157-5834,439-73-3107,11/23/1971,5105-1420-5246-2599,5519 Spruce Ter,Phoenix,AZ,85038,78.140.37.195,30686.51,bronze,2024-08-19,141,False
C00240,Alice,Sanchez,alice.sanchez348@proton.me,(636) 812-8786,440-80-3120,11/26/1973,5425-8973-4261-0143,688 Pine Rd,Seattle,WA,98141,18.50.125.40,45476.01,silver,2021-11-01,45,True
C00241,Victor,Moore,victor.moore687@proton.me,(236) 592-2294,441-87-3133,09/18/1982,4485-7089-3225-1583,6725 Birch Blvd,Miami,FL,33102,115.242.68.136,43799.36,bronze,2020-12-15,149,False
C00242,David,Thomas,david.thomas343@yahoo.com,(668) 237-5342,442-94-3146,06/07/1993,3714-3168-0117-1915,3003 Main St,Boston,MA,02102,21.1.151.53,12358.85,bronze,2022-06-26,174,True
C00243,Grace,Ramirez,grace.ramirez770@gmail.com,(620) 226-2768,443-01-3159,06/29/1951,5425-8808-9030-8142,6878 Walnut Ct,Portland,OR,97297,51.119.60.221,35604.05,silver,2024-06-16,143,False
C00244,Sam,Brown,sam.brown692@yahoo.com,(470) 622-6109,444-08-3172,06/15/1977,3714-1541-3463-6412,1968 Pine Rd,New York,NY,10062,83.7.46.43,11736.69,silver,2023-04-13,45,False
C00245,Emma,Martin,emma.martin59@proton.me,(793) 848-2257,445-15-3185,04/20/1959,3485-6724-2437-0345,3586 Main St,Los Angeles,CA,90074,55.7.185.192,17297.35,silver,2022-11-06,184,True
C00246,Henry,Lewis,henry.lewis795@yahoo.com,(613) 353-7130,446-22-3198,06/05/1995,5425-7939-5136-9023,2950 Chestnut Pl,Miami,FL,33103,207.26.26.236,49043.88,bronze,2022-05-29,1,True
C00247,Zach,King,zach.king213@outlook.com,(329) 414-9283,447-29-3211,08/15/1963,3485-4684-0081-4182,4224 Elm Way,Miami,FL,33177,85.81.190.171,20553.11,bronze,2023-02-02,132,False
C00248,Liam,Smith,liam.smith6@gmail.com,(923) 389-4811,448-36-3224,07/07/1993,4532-9563-9609-8058,124 Chestnut Pl,Austin,TX,78764,99.106.156.17,30288.31,bronze,2022-02-07,36,True
C00249,Mia,Robinson,mia.robinson334@yahoo.com,(970) 752-1244,449-43-3237,04/25/1960,5425-6298-9426-3045,2159 Pine Rd,Phoenix,AZ,85038,207.249.45.50,42697.13,gold,2020-04-26,143,False
C00250,Aisha,Gonzalez,aisha.gonzalez952@icloud.com,(713) 660-6441,450-50-3250,10/01/2002,5105-6811-8975-9224,2732 Walnut Ct,Minneapolis,MN,55402,179.86.201.12,35405.29,platinum,2025-06-27,115,True
C00251,James,Johnson,james.johnson712@outlook.com,(996) 459-2961,451-57-3263,02/02/1981,3485-2566-4576-4664,7285 Maple Dr,Austin,TX,78778,63.196.207.62,45885.52,bronze,2025-08-26,185,True
C00252,Yara,Williams,yara.williams892@proton.me,(800) 475-9321,452-64-3276,09/01/1989,3485-0770-1234-7509,5481 Cedar Ln,Los Angeles,CA,90057,186.204.130.57,6357.46,platinum,2020-03-25,95,True
C00253,Liam,Johnson,liam.johnson972@yahoo.com,(225) 134-2502,453-71-3289,08/03/2004,4485-7610-6943-0674,3507 Chestnut Pl,Denver,CO,80207,129.211.224.49,25954.78,bronze,2022-09-25,72,False
C00254,Rachel,Gonzalez,rachel.gonzalez579@proton.me,(936) 508-9345,454-78-3302,10/09/1963,3485-1667-3417-4823,6832 Chestnut Pl,Portland,OR,97290,136.220.95.202,5120.99,bronze,2024-09-26,105,False
C00255,Kate,Perez,kate.perez884@outlook.com,(518) 585-5516,455-85-3315,07/16/1953,5425-5642-9029-4841,1619 Pine Rd,Boston,MA,02134,123.147.23.201,29889.38,bronze,2024-09-25,109,True
C00256,Paul,Perez,paul.perez163@outlook.com,(861) 810-7169,456-92-3328,09/29/1994,3714-9913-8464-5168,2298 Pine Rd,Austin,TX,78756,178.243.198.193,45206.88,bronze,2024-10-19,146,True
C00257,Hiro,Lee,hiro.lee354@icloud.com,(342) 192-9932,457-99-3341,06/26/1968,3485-6653-4875-8734,8622 Spruce Ter,Phoenix,AZ,85023,205.139.182.16,11773.48,silver,2025-01-04,185,False
C00258,Paul,Garcia,paul.garcia114@gmail.com,(700) 630-9585,458-06-3354,10/17/1991,5105-7426-4694-6482,5905 Maple Dr,Atlanta,GA,30355,50.8.185.190,28558.62,gold,2022-08-24,159,True
C00259,James,Hernandez,james.hernandez20@gmail.com,(845) 439-7453,459-13-3367,08/30/1988,4485-5852-2821-7559,7417 Oak Ave,Seattle,WA,98151,21.81.203.228,39291.82,bronze,2020-01-11,128,False
C00260,David,White,david.white401@outlook.com,(628) 487-5036,460-20-3380,08/28/1974,5425-8193-2278-3623,4765 Chestnut Pl,Seattle,WA,98110,144.103.129.219,11785.39,bronze,2023-03-20,43,True
C00261,Jamal,Brown,jamal.brown802@proton.me,(505) 325-6347,461-27-3393,11/05/1951,4532-2936-8750-5892,237 Oak Ave,Phoenix,AZ,85093,146.71.159.44,5418.87,silver,2023-09-22,141,True
C00262,Isabella,Jackson,isabella.jackson576@proton.me,(574) 505-4641,462-34-3406,06/14/1951,5105-8016-9577-2880,640 Elm Way,New York,NY,10070,15.57.237.126,13064.2,bronze,2022-04-12,66,False
C00263,Yara,Lewis,yara.lewis513@yahoo.com,(406) 624-6577,463-41-3419,04/08/1951,4532-6952-7976-7458,4356 Cedar Ln,Los Angeles,CA,90039,88.66.106.219,21521.15,gold,2024-04-06,142,True
C00264,Carol,Lee,carol.lee801@icloud.com,(611) 443-9826,464-48-3432,09/15/1978,3485-2983-6995-7458,529 Birch Blvd,Miami,FL,33131,187.232.81.140,32507.03,bronze,2025-02-15,157,True
C00265,David,Perez,david.perez83@outlook.com,(436) 177-6714,465-55-3445,03/31/1968,5105-6172-0973-9620,9391 Birch Blvd,Phoenix,AZ,85091,35.169.169.193,43453.5,bronze,2020-10-23,132,True
C00266,Carol,Brown,carol.brown387@proton.me,(522) 382-4282,466-62-3458,03/02/2002,3714-3711-4413-5775,2912 Oak Ave,Boston,MA,02119,189.129.25.2,26235.94,bronze,2021-12-13,77,True
C00267,Quinn,Jones,quinn.jones4@yahoo.com,(404) 266-1694,467-69-3471,02/06/1974,4532-4223-5500-1838,5836 Maple Dr,Atlanta,GA,30385,18.240.60.234,5090.86,platinum,2020-03-15,198,False
C00268,Fatima,Williams,fatima.williams134@outlook.com,(427) 919-2980,468-76-3484,12/05/1970,4532-1084-8616-1568,9846 Elm Way,Seattle,WA,98128,122.16.86.227,3072.16,silver,2020-02-08,34,False
C00269,Isabella,Jackson,isabella.jackson642@proton.me,(805) 301-7347,469-83-3497,07/06/1990,5425-7006-0184-7386,6424 Main St,Austin,TX,78794,116.147.190.68,24495.34,silver,2020-10-03,200,True
C00270,Diego,Davis,diego.davis597@proton.me,(362) 683-3223,470-90-3510,03/28/1954,4485-1230-9104-1247,530 Walnut Ct,Denver,CO,80235,211.244.65.134,22701.94,bronze,2022-07-05,200,False
C00271,Victor,Robinson,victor.robinson568@icloud.com,(747) 672-8093,471-97-3523,10/19/1963,5105-7508-1023-3277,4386 Elm Way,Denver,CO,80279,145.234.95.105,13033.09,bronze,2020-07-14,42,True
C00272,Frank,Johnson,frank.johnson421@yahoo.com,(476) 573-7586,472-04-3536,09/12/1973,4485-6110-9073-5676,3302 Chestnut Pl,Boston,MA,02198,204.64.11.199,48866.16,silver,2022-10-26,153,False
C00273,Carol,Garcia,carol.garcia179@proton.me,(480) 865-4310,473-11-3549,06/23/1973,5425-7572-7476-6385,1509 Maple Dr,Portland,OR,97271,140.147.40.162,27424.07,bronze,2020-04-16,17,True
C00274,Aisha,Moore,aisha.moore585@icloud.com,(565) 388-6624,474-18-3562,09/21/1974,4532-0584-4410-3054,8379 Spruce Ter,Miami,FL,33122,11.12.60.188,16447.12,bronze,2020-10-18,182,True
C00275,Frank,Davis,frank.davis893@outlook.com,(718) 348-1322,475-25-3575,03/28/2000,3714-3055-8990-5787,4105 Walnut Ct,Minneapolis,MN,55420,201.140.213.233,28295.44,bronze,2024-09-11,159,True
C00276,Ingrid,King,ingrid.king726@gmail.com,(810) 220-9206,476-32-3588,12/21/1958,3485-3685-8403-3313,6868 Birch Blvd,Seattle,WA,98194,46.129.70.249,16949.4,platinum,2022-09-08,116,True
C00277,Zach,Rodriguez,zach.rodriguez72@outlook.com,(749) 398-3589,477-39-3601,03/07/1983,3485-6009-8303-3681,332 Elm Way,New York,NY,10030,218.184.174.159,47068.35,silver,2022-12-23,190,False
C00278,Carol,Martinez,carol.martinez305@gmail.com,(729) 153-6091,478-46-3614,09/19/1962,4485-5748-6887-2463,6128 Maple Dr,Denver,CO,80274,15.162.160.115,12541.23,bronze,2024-03-14,102,False
C00279,Uma,Moore,uma.moore109@gmail.com,(722) 341-1259,479-53-3627,02/01/1959,5105-6947-4583-6000,6339 Spruce Ter,New York,NY,10024,119.52.69.78,19891.35,bronze,2021-12-29,138,False
C00280,David,Martin,david.martin353@proton.me,(337) 674-8197,480-60-3640,03/08/1956,5105-4171-1943-3156,5988 Chestnut Pl,Seattle,WA,98118,77.96.31.198,7237.39,silver,2021-01-01,107,False
C00281,Zach,Moore,zach.moore604@proton.me,(885) 344-1002,481-67-3653,06/06/1965,4532-7072-1478-6781,7637 Chestnut Pl,Austin,TX,78754,218.38.163.133,28021.19,gold,2022-06-30,70,True
C00282,Aisha,Martin,aisha.martin769@outlook.com,(813) 260-5436,482-74-3666,03/08/2001,5425-4737-3987-1115,4590 Maple Dr,Austin,TX,78785,66.130.54.75,7128.34,bronze,2022-06-08,111,False
C00283,Jamal,Lewis,jamal.lewis237@icloud.com,(441) 388-7379,483-81-3679,11/18/1987,3714-8523-0366-6673,1147 Maple Dr,Phoenix,AZ,85058,178.252.190.166,7840.29,silver,2020-03-03,15,True
C00284,Yara,Garcia,yara.garcia404@icloud.com,(697) 149-4994,484-88-3692,12/06/1998,5105-4687-5470-4058,9829 Cedar Ln,Phoenix,AZ,85007,24.77.28.134,31818.72,silver,2023-11-26,83,True
C00285,Olivia,White,olivia.white585@yahoo.com,(762) 159-7608,485-95-3705,03/14/1974,4532-1285-9256-9878,3372 Elm Way,Atlanta,GA,30385,85.140.21.197,35425.7,bronze,2025-04-13,68,True
C00286,Zach,Gonzalez,zach.gonzalez274@proton.me,(690) 311-5718,486-02-3718,11/11/1987,5425-5558-3040-8889,5659 Chestnut Pl,Chicago,IL,60602,143.89.144.14,49029.13,gold,2021-08-09,92,False
C00287,Rachel,Davis,rachel.davis568@yahoo.com,(999) 109-1592,487-09-3731,02/05/1978,5425-4694-8366-2490,5340 Spruce Ter,Miami,FL,33165,52.83.121.221,41539.36,bronze,2025-02-14,52,False
C00288,Diego,White,diego.white336@gmail.com,(698) 810-3572,488-16-3744,12/08/1990,3714-3227-9334-1756,9718 Pine Rd,Austin,TX,78726,145.35.16.208,1413.92,bronze,2024-08-12,50,True
C00289,Xander,Davis,xander.davis238@outlook.com,(841) 268-8982,489-23-3757,09/27/1976,5425-6389-4865-9017,4913 Walnut Ct,Atlanta,GA,30398,125.17.157.91,9990.36,bronze,2021-08-31,173,True
C00290,Victor,Smith,victor.smith898@gmail.com,(985) 347-8896,490-30-3770,06/16/2005,3714-0000-8647-2698,1285 Main St,Los Angeles,CA,90001,137.149.116.203,31482.42,bronze,2022-09-03,98,True
C00291,Ingrid,Walker,ingrid.walker881@icloud.com,(472) 540-6216,491-37-3783,02/10/1960,5425-4776-2831-0408,7776 Birch Blvd,Phoenix,AZ,85068,118.90.228.41,8958.7,silver,2022-03-20,95,False
C00292,Frank,Thomas,frank.thomas632@icloud.com,(799) 363-6931,492-44-3796,12/31/1999,5105-4763-1218-0315,517 Chestnut Pl,Seattle,WA,98195,29.224.226.240,9185.09,gold,2023-02-05,3,True
C00293,Emma,Jackson,emma.jackson188@yahoo.com,(761) 530-4049,493-51-3809,09/25/1987,3714-9586-5091-8093,4675 Maple Dr,Minneapolis,MN,55416,14.44.112.87,5614.63,bronze,2025-01-14,163,False
C00294,Zach,Taylor,zach.taylor19@outlook.com,(259) 734-8250,494-58-3822,02/06/1974,3714-5147-3926-8425,6448 Maple Dr,New York,NY,10083,72.202.136.76,32229.38,silver,2020-10-26,117,False
C00295,Quinn,Miller,quinn.miller303@yahoo.com,(653) 428-5969,495-65-3835,03/18/1998,4485-1955-4095-8851,7024 Oak Ave,Minneapolis,MN,55487,120.155.242.188,31723.29,silver,2023-12-10,135,False
C00296,Carol,Harris,carol.harris400@proton.me,(916) 478-3264,496-72-3848,10/17/1967,4532-8068-9939-4104,6137 Birch Blvd,Los Angeles,CA,90041,213.216.93.254,16595.36,silver,2021-07-11,89,False
C00297,Tara,Harris,tara.harris386@yahoo.com,(329) 503-1212,497-79-3861,12/04/1985,4485-0436-0337-5742,9384 Cedar Ln,New York,NY,10074,138.72.5.89,13316.45,bronze,2022-10-29,96,False
C00298,Rachel,Martinez,rachel.martinez236@gmail.com,(300) 205-2989,498-86-3874,09/17/1950,4485-5217-7423-0197,5386 Maple Dr,New York,NY,10084,209.49.194.152,6014.19,silver,2025-11-11,54,True
C00299,Grace,Jackson,grace.jackson429@icloud.com,(768) 488-1861,499-93-3887,01/09/1954,5105-3547-0967-7586,247 Oak Ave,New York,NY,10077,199.133.229.121,21675.43,bronze,2023-11-02,53,False
C00300,David,Miller,david.miller321@proton.me,(486) 664-2509,500-00-3900,11/20/1972,5105-2743-7665-9153,5127 Birch Blvd,Atlanta,GA,30395,28.96.186.160,40735.36,gold,2024-11-11,66,True
C00301,Henry,Ramirez,henry.ramirez318@gmail.com,(965) 359-3949,501-07-3913,07/26/1985,3485-0040-1500-5564,8972 Walnut Ct,Chicago,IL,60679,117.208.99.187,16185.69,bronze,2022-05-09,186,True
C00302,Paul,Robinson,paul.robinson307@yahoo.com,(721) 428-5123,502-14-3926,10/11/1967,5425-0406-3141-1177,168 Pine Rd,Chicago,IL,60622,191.199.198.187,19769.85,bronze,2022-06-10,158,False
C00303,James,Ramirez,james.ramirez746@gmail.com,(861) 779-3586,503-21-3939,11/10/1987,5105-0996-1186-8057,7472 Pine Rd,Atlanta,GA,30383,200.212.165.143,9611.66,silver,2025-03-30,123,False
C00304,James,Smith,james.smith146@outlook.com,(212) 842-2020,504-28-3952,04/12/1990,4532-3510-8453-5004,2625 Birch Blvd,Chicago,IL,60689,89.56.247.197,1744.81,gold,2023-05-07,8,False
C00305,Hiro,Johnson,hiro.johnson55@proton.me,(993) 283-1415,505-35-3965,06/23/2000,5425-4941-1795-7016,4538 Oak Ave,New York,NY,10000,43.2.144.209,24778.16,bronze,2021-02-07,7,False
C00306,Tara,Young,tara.young441@proton.me,(628) 294-6686,506-42-3978,01/11/1971,3485-8349-7848-9436,2557 Oak Ave,Los Angeles,CA,90083,10.175.127.242,3473.94,platinum,2020-03-08,192,True
C00307,Fatima,Young,fatima.young373@gmail.com,(863) 953-8399,507-49-3991,08/21/1963,4532-9980-0354-5616,7006 Chestnut Pl,Miami,FL,33145,76.207.0.203,25854.41,bronze,2022-02-10,60,True
C00308,Bob,Anderson,bob.anderson208@proton.me,(430) 645-5152,508-56-4004,02/03/1967,3485-4140-7604-5202,7010 Maple Dr,Denver,CO,80204,92.156.128.46,37313.08,gold,2020-10-02,124,True
C00309,Aisha,Wilson,aisha.wilson845@proton.me,(291) 462-5959,509-63-4017,02/18/1951,5425-1624-6914-7683,8254 Cedar Ln,Atlanta,GA,30388,223.245.205.2,32987.11,gold,2021-09-05,189,False
C00310,Wendy,King,wendy.king497@proton.me,(948) 674-1369,510-70-4030,09/06/2002,4532-7980-8385-6579,1327 Walnut Ct,Denver,CO,80241,16.201.242.78,46862.34,silver,2020-07-13,9,False
C00311,Jamal,Harris,jamal.harris731@icloud.com,(791) 210-9769,511-77-4043,08/17/1954,4532-6805-4179-5116,7524 Birch Blvd,Atlanta,GA,30339,95.23.252.104,6752.2,silver,2024-06-05,93,True
C00312,Henry,Moore,henry.moore849@yahoo.com,(373) 822-3360,512-84-4056,03/22/1991,4485-5889-0420-9983,5025 Oak Ave,Atlanta,GA,30381,111.125.193.153,48558.18,bronze,2025-06-24,67,False
C00313,Olivia,Johnson,olivia.johnson755@outlook.com,(748) 915-6658,513-91-4069,08/29/2004,5425-5459-1925-7394,7726 Pine Rd,Chicago,IL,60650,163.254.167.211,15258.26,bronze,2023-07-23,42,True
C00314,Carol,Smith,carol.smith618@outlook.com,(348) 831-2067,514-98-4082,04/02/1951,5425-3622-6212-2890,7183 Pine Rd,New York,NY,10052,152.154.50.251,3198.32,gold,2022-01-20,178,True
C00315,Paul,Allen,paul.allen539@outlook.com,(447) 749-1811,515-05-4095,04/02/1989,4485-9396-1828-1947,5368 Chestnut Pl,Los Angeles,CA,90038,93.81.88.111,32269.64,platinum,2021-01-03,35,True
C00316,Quinn,Miller,quinn.miller934@outlook.com,(736) 331-3456,516-12-4108,09/16/1999,5105-7787-3800-8375,939 Elm Way,Boston,MA,02124,212.226.113.198,36762.44,silver,2021-05-25,108,False
C00317,Xander,Lewis,xander.lewis626@gmail.com,(649) 523-2727,517-19-4121,11/24/2001,3714-9404-0107-5894,4288 Maple Dr,Miami,FL,33139,25.1.32.186,27868.91,gold,2022-10-12,89,True
C00318,Quinn,Clark,quinn.clark36@gmail.com,(701) 381-4306,518-26-4134,06/10/1993,3714-2119-0087-5245,8310 Chestnut Pl,New York,NY,10006,37.136.156.182,44268.22,bronze,2025-05-24,112,False
C00319,Sam,Hernandez,sam.hernandez798@yahoo.com,(538) 507-4359,519-33-4147,12/13/1996,3714-9818-6575-7030,2964 Walnut Ct,Chicago,IL,60676,197.105.192.235,48489.91,silver,2020-04-03,43,True
C00320,Olivia,Smith,olivia.smith692@icloud.com,(607) 949-7587,520-40-4160,01/23/1971,3714-3143-5217-2951,8358 Maple Dr,Portland,OR,97294,28.159.213.254,64.28,bronze,2024-07-30,113,True
C00321,Isabella,Garcia,isabella.garcia865@yahoo.com,(552) 440-6616,521-47-4173,05/24/1969,4532-0735-5347-7080,4304 Maple Dr,New York,NY,10078,174.218.210.58,15755.28,bronze,2025-01-18,172,False
C00322,Fatima,Johnson,fatima.johnson202@outlook.com,(303) 709-2318,522-54-4186,08/19/1982,4532-0365-3443-5485,899 Walnut Ct,Portland,OR,97221,137.168.29.130,38889.84,bronze,2022-02-17,114,False
C00323,Ingrid,Gonzalez,ingrid.gonzalez916@yahoo.com,(654) 595-5960,523-61-4199,07/19/1999,4532-8869-8616-0149,4304 Birch Blvd,Denver,CO,80273,164.217.66.232,42286.41,bronze,2023-01-26,145,False
C00324,Kate,Young,kate.young559@outlook.com,(660) 269-5351,524-68-4212,08/25/1972,4485-2599-2135-4648,3458 Maple Dr,Chicago,IL,60655,119.76.221.140,22205.48,gold,2020-05-02,27,True
C00325,Zach,Allen,zach.allen528@proton.me,(919) 187-2535,525-75-4225,04/17/1977,3485-0481-4107-7430,373 Cedar Ln,Minneapolis,MN,55467,155.211.61.193,21273.14,bronze,2021-04-11,177,True
C00326,Grace,King,grace.king433@icloud.com,(205) 361-3653,526-82-4238,11/26/1969,5425-4764-5850-2876,6453 Elm Way,Austin,TX,78758,142.247.10.81,37046.81,bronze,2021-12-03,147,False
C00327,Carol,Garcia,carol.garcia73@yahoo.com,(528) 491-6825,527-89-4251,06/03/1988,5105-5212-3233-6107,7287 Cedar Ln,Los Angeles,CA,90049,138.170.161.176,7043.73,bronze,2025-08-15,37,True
C00328,Kate,Perez,kate.perez414@proton.me,(253) 466-1176,528-96-4264,09/12/1989,3714-7895-9848-5690,7502 Spruce Ter,Miami,FL,33135,88.234.66.190,36666.6,bronze,2021-07-07,148,True
C00329,Sam,Smith,sam.smith256@gmail.com,(597) 993-2431,529-03-4277,11/12/1979,5425-7087-1231-1660,9137 Pine Rd,Minneapolis,MN,55409,136.247.141.210,42130.49,bronze,2020-11-03,39,False
C00330,Fatima,Ramirez,fatima.ramirez252@gmail.com,(846) 944-1515,530-10-4290,07/15/2003,3485-3018-3834-5056,6098 Pine Rd,New York,NY,10036,13.27.55.99,14209.02,bronze,2025-04-10,186,True
C00331,Kate,Ramirez,kate.ramirez593@outlook.com,(788) 249-3264,531-17-4303,07/19/1992,3714-9434-9989-0502,6071 Elm Way,Boston,MA,02139,126.226.41.215,25365.78,silver,2022-08-12,194,True
C00332,Carol,Jones,carol.jones378@proton.me,(936) 503-6858,532-24-4316,03/27/1954,5105-0070-6067-1888,1893 Birch Blvd,Austin,TX,78781,215.171.255.158,2630.88,bronze,2024-04-27,193,False
C00333,Tara,Davis,tara.davis980@icloud.com,(557) 605-1179,533-31-4329,12/05/1989,3485-3631-6588-0476,3069 Birch Blvd,Boston,MA,02122,184.1.69.228,43415.41,gold,2024-05-25,188,True
C00334,Aisha,Smith,aisha.smith880@gmail.com,(500) 233-6532,534-38-4342,04/30/2000,4485-2224-7558-4215,5878 Walnut Ct,Miami,FL,33128,218.195.255.239,20414.58,gold,2024-05-13,6,True
C00335,Hiro,Harris,hiro.harris838@yahoo.com,(453) 106-8866,535-45-4355,01/30/1957,5105-7077-4589-2819,2449 Cedar Ln,Denver,CO,80269,115.146.131.92,25267.55,bronze,2022-01-15,148,False
C00336,Frank,Davis,frank.davis963@gmail.com,(944) 512-1131,536-52-4368,12/01/1990,3485-8479-4127-4654,6136 Pine Rd,Chicago,IL,60650,162.200.21.150,40839.87,silver,2025-01-12,9,False
C00337,Yara,Martin,yara.martin976@outlook.com,(309) 587-8349,537-59-4381,02/07/1968,3714-4537-9718-9789,731 Walnut Ct,Minneapolis,MN,55492,134.96.247.148,6014.7,bronze,2020-10-19,61,False
C00338,Wendy,Lewis,wendy.lewis905@icloud.com,(911) 497-8232,538-66-4394,03/12/1951,4532-0206-3031-9583,7692 Pine Rd,Seattle,WA,98113,35.208.99.86,20076.61,silver,2021-12-24,102,True
C00339,Xander,Davis,xander.davis525@yahoo.com,(504) 634-8832,539-73-4407,02/07/1993,5105-0670-9969-3175,1978 Oak Ave,Atlanta,GA,30337,185.255.126.162,16401.81,gold,2024-03-14,65,False
C00340,Liam,Brown,liam.brown294@outlook.com,(470) 467-3214,540-80-4420,08/19/1982,5425-4962-7956-2705,6717 Chestnut Pl,Portland,OR,97298,43.76.149.22,8072.98,gold,2023-12-30,3,True
C00341,Uma,Walker,uma.walker387@outlook.com,(258) 509-3729,541-87-4433,05/01/1975,4485-8997-1009-8122,4182 Main St,Seattle,WA,98195,187.225.180.161,11882.7,bronze,2020-06-04,46,True
C00342,Olivia,Johnson,olivia.johnson731@outlook.com,(659) 229-3314,542-94-4446,08/19/1990,4485-7421-6647-2321,1380 Pine Rd,Denver,CO,80255,200.247.101.49,12070.6,silver,2021-01-27,67,False
C00343,Xander,Sanchez,xander.sanchez383@gmail.com,(665) 163-7725,543-01-4459,07/09/1998,3714-1994-5896-8884,9635 Oak Ave,Chicago,IL,60610,19.78.68.177,9298.15,gold,2021-09-16,172,False
C00344,Paul,Johnson,paul.johnson251@yahoo.com,(720) 696-2816,544-08-4472,08/26/1960,4532-3674-7091-7556,3045 Pine Rd,Phoenix,AZ,85021,56.149.104.147,43262.71,bronze,2020-08-14,22,True
C00345,James,Garcia,james.garcia937@yahoo.com,(418) 219-4987,545-15-4485,02/23/1990,3714-6119-0751-0967,9518 Main St,Chicago,IL,60644,107.195.203.65,8484.74,bronze,2023-12-17,188,True
C00346,Isabella,Sanchez,isabella.sanchez40@yahoo.com,(966) 558-5471,546-22-4498,07/02/1952,5425-0068-4587-7072,6692 Pine Rd,Austin,TX,78730,141.237.57.148,32583.91,silver,2022-12-07,97,True
C00347,Zach,Gonzalez,zach.gonzalez43@icloud.com,(537) 346-9672,547-29-4511,04/18/2003,3714-2010-4641-9267,3105 Chestnut Pl,Los Angeles,CA,90082,91.251.128.246,21117.43,silver,2024-01-01,121,False
C00348,Yara,Jones,yara.jones668@proton.me,(607) 502-8771,548-36-4524,07/20/1958,3485-0791-8054-2321,6693 Maple Dr,Portland,OR,97249,158.131.80.243,34162.25,bronze,2025-10-14,127,True
C00349,Olivia,Brown,olivia.brown808@outlook.com,(590) 427-4076,549-43-4537,04/25/1963,4532-8069-0875-9189,1048 Oak Ave,New York,NY,10084,33.133.76.209,7647.9,platinum,2025-11-29,87,False
C00350,Emma,Lewis,emma.lewis800@icloud.com,(823) 579-1674,550-50-4550,11/13/1994,5425-1216-9330-9462,1990 Spruce Ter,Los Angeles,CA,90037,127.68.117.30,4010.69,silver,2022-07-16,28,True
C00351,Wendy,Thomas,wendy.thomas645@gmail.com,(634) 626-6963,551-57-4563,07/29/1963,4485-4453-5829-6026,835 Chestnut Pl,Portland,OR,97245,191.1.241.148,9626.96,gold,2023-01-06,9,False
C00352,Emma,Williams,emma.williams11@yahoo.com,(259) 751-1688,552-64-4576,08/05/1986,3714-2613-6015-9942,8887 Chestnut Pl,Los Angeles,CA,90008,167.84.188.105,21713.52,bronze,2025-02-04,144,True
C00353,David,Brown,david.brown195@yahoo.com,(597) 775-6478,553-71-4589,04/07/1986,4532-2856-8225-5810,2883 Elm Way,Chicago,IL,60687,13.31.101.168,11454.75,platinum,2024-07-22,71,True
C00354,Noah,Garcia,noah.garcia342@yahoo.com,(423) 617-8169,554-78-4602,01/19/2003,3485-8666-3900-7787,2983 Pine Rd,Portland,OR,97275,116.248.16.92,24717.42,gold,2022-11-02,60,True
C00355,Aisha,Martinez,aisha.martinez647@gmail.com,(603) 144-3811,555-85-4615,03/19/1975,4485-8438-4043-8371,1919 Pine Rd,Boston,MA,02194,218.97.14.74,21541.99,silver,2023-09-05,76,False
C00356,Quinn,Brown,quinn.brown316@gmail.com,(643) 791-7537,556-92-4628,08/03/1964,5105-9993-9363-9882,5253 Chestnut Pl,New York,NY,10011,39.23.65.43,16338.57,bronze,2025-09-18,55,False
C00357,Olivia,Walker,olivia.walker12@icloud.com,(622) 553-5826,557-99-4641,03/09/1982,3714-2568-3530-3709,3308 Elm Way,Boston,MA,02136,201.167.123.168,21328.78,platinum,2023-10-08,105,False
C00358,Quinn,Davis,quinn.davis291@proton.me,(498) 864-2986,558-06-4654,11/08/1978,4485-7839-3637-8160,3413 Main St,Denver,CO,80229,166.208.31.197,25409.04,bronze,2020-03-11,72,True
C00359,Victor,Smith,victor.smith972@icloud.com,(743) 298-5242,559-13-4667,03/17/2002,3485-9668-4718-3419,243 Spruce Ter,Phoenix,AZ,85098,26.74.141.188,37660.51,silver,2026-02-08,66,True
C00360,Yara,Jackson,yara.jackson937@proton.me,(717) 336-2496,560-20-4680,03/31/1995,3485-9531-2679-0774,3013 Main St,Chicago,IL,60649,139.13.199.176,19168.19,silver,2024-06-11,28,True
C00361,Ingrid,Lewis,ingrid.lewis39@icloud.com,(464) 355-3622,561-27-4693,04/28/1999,3714-1502-2420-7820,2873 Birch Blvd,Boston,MA,02165,173.106.236.126,41957.74,silver,2022-05-08,47,False
C00362,Jamal,Anderson,jamal.anderson218@outlook.com,(326) 550-8950,562-34-4706,03/24/1950,3485-9190-3705-7944,2500 Chestnut Pl,Denver,CO,80273,69.176.187.64,17029.36,bronze,2022-05-19,0,True
C00363,Grace,Young,grace.young219@icloud.com,(305) 678-5332,563-41-4719,11/28/2002,5105-4351-1934-3699,7504 Maple Dr,Austin,TX,78771,123.132.253.103,7876.69,bronze,2024-07-31,146,True
C00364,Rachel,Gonzalez,rachel.gonzalez953@proton.me,(428) 943-7814,564-48-4732,09/11/1968,5105-1975-6767-5477,9885 Oak Ave,Chicago,IL,60624,132.245.224.81,23341.0,silver,2025-01-27,163,True
C00365,Kate,Anderson,kate.anderson926@gmail.com,(329) 619-8826,565-55-4745,08/24/1994,4532-6729-3413-8195,3237 Oak Ave,Phoenix,AZ,85076,159.91.212.18,13373.71,bronze,2024-06-19,92,True
C00366,Hiro,Martin,hiro.martin928@outlook.com,(603) 991-8654,566-62-4758,09/17/1982,3485-3035-1914-6076,1964 Main St,New York,NY,10044,130.129.191.131,38686.13,silver,2026-03-20,156,False
C00367,Alice,Smith,alice.smith103@gmail.com,(749) 294-2380,567-69-4771,08/29/1982,5425-7452-9119-3124,3410 Birch Blvd,Portland,OR,97242,44.72.26.250,45325.61,gold,2020-12-05,134,True
C00368,Sam,White,sam.white678@outlook.com,(884) 633-4152,568-76-4784,11/08/1996,4485-6734-9680-3039,5120 Cedar Ln,Phoenix,AZ,85079,59.113.7.9,46828.28,bronze,2024-12-25,187,False
C00369,Quinn,Allen,quinn.allen725@proton.me,(679) 310-9365,569-83-4797,07/05/1982,4532-0352-8968-2106,9422 Birch Blvd,Austin,TX,78723,149.234.135.172,42543.63,silver,2021-02-28,122,False
C00370,Yara,Young,yara.young322@icloud.com,(906) 264-3831,570-90-4810,06/21/1996,3485-0732-6267-8566,2678 Birch Blvd,Denver,CO,80279,90.213.99.52,17525.11,silver,2023-10-04,156,True
C00371,James,Walker,james.walker338@yahoo.com,(787) 759-3727,571-97-4823,04/24/1950,5425-2135-8910-0307,812 Birch Blvd,Boston,MA,02132,92.78.102.27,127.58,bronze,2023-01-15,165,False
C00372,Fatima,Martin,fatima.martin108@gmail.com,(848) 603-3329,572-04-4836,11/04/1976,5105-9017-5610-0631,8460 Oak Ave,Los Angeles,CA,90012,191.177.94.228,29525.28,silver,2021-10-11,111,False
C00373,Frank,Martinez,frank.martinez483@proton.me,(693) 968-8097,573-11-4849,03/09/1968,4485-3498-4092-1028,9390 Birch Blvd,Atlanta,GA,30322,60.254.124.92,39996.61,platinum,2020-06-15,17,True
C00374,Frank,White,frank.white85@gmail.com,(556) 823-9625,574-18-4862,11/15/1954,4485-1800-5985-4150,6710 Birch Blvd,Austin,TX,78730,97.123.2.175,29070.3,bronze,2020-10-04,94,False
C00375,Diego,Lee,diego.lee747@icloud.com,(543) 958-4140,575-25-4875,02/27/1963,5425-1872-2720-3892,4196 Elm Way,Phoenix,AZ,85045,114.140.214.218,18790.05,bronze,2024-10-19,59,False
C00376,Paul,Anderson,paul.anderson118@gmail.com,(207) 629-1316,576-32-4888,08/05/1950,4485-0154-2441-2854,1958 Pine Rd,Portland,OR,97222,145.62.207.76,47535.35,platinum,2022-12-14,151,False
C00377,Grace,Lopez,grace.lopez618@proton.me,(234) 247-8397,577-39-4901,10/02/1987,4485-7185-9855-7179,3884 Chestnut Pl,Atlanta,GA,30397,208.246.95.42,32316.27,bronze,2020-09-20,9,True
C00378,Quinn,Lopez,quinn.lopez507@icloud.com,(702) 322-6819,578-46-4914,11/21/1975,5425-0703-5790-9328,5342 Elm Way,Chicago,IL,60637,176.140.243.30,18473.79,platinum,2022-05-26,75,True
C00379,Emma,Anderson,emma.anderson589@yahoo.com,(725) 846-5617,579-53-4927,03/11/1969,4485-6859-0411-0389,8185 Oak Ave,Chicago,IL,60684,89.138.99.144,4775.22,bronze,2021-12-16,157,False
C00380,Noah,Gonzalez,noah.gonzalez475@outlook.com,(588) 704-4049,580-60-4940,01/28/1957,4532-7905-1948-4353,4193 Oak Ave,Phoenix,AZ,85039,106.30.158.76,36995.23,bronze,2025-08-18,34,True
C00381,Bob,Smith,bob.smith692@proton.me,(841) 743-6050,581-67-4953,10/19/2000,5105-0638-5331-3923,5885 Walnut Ct,Phoenix,AZ,85023,179.227.242.218,14144.91,bronze,2023-06-20,159,True
C00382,Zach,Williams,zach.williams150@icloud.com,(328) 540-1264,582-74-4966,03/31/1966,5425-9754-8274-0805,6139 Elm Way,Atlanta,GA,30362,58.221.189.226,14930.23,silver,2021-08-08,50,False
C00383,Liam,Taylor,liam.taylor845@yahoo.com,(521) 839-2675,583-81-4979,10/11/1987,3714-4727-9261-9842,5643 Oak Ave,Seattle,WA,98141,137.110.59.109,8644.25,silver,2021-09-21,93,False
C00384,Zach,Robinson,zach.robinson160@yahoo.com,(780) 546-6590,584-88-4992,07/24/1951,5105-4069-4816-7081,7454 Chestnut Pl,New York,NY,10073,58.154.203.128,45284.38,platinum,2022-12-14,180,True
C00385,Uma,Taylor,uma.taylor711@outlook.com,(331) 367-6655,585-95-5005,09/07/2001,3714-0909-4041-6457,2068 Maple Dr,Chicago,IL,60671,67.162.194.113,25245.06,platinum,2021-08-27,197,True
C00386,Quinn,Thompson,quinn.thompson563@yahoo.com,(422) 797-1236,586-02-5018,09/18/1978,5425-5990-2094-7155,3246 Main St,Austin,TX,78771,188.246.72.125,40406.25,silver,2024-01-09,54,False
C00387,Liam,Hernandez,liam.hernandez925@gmail.com,(816) 350-5516,587-09-5031,09/18/1966,5105-8747-6014-4046,2886 Birch Blvd,Seattle,WA,98138,172.156.156.120,7549.32,silver,2024-10-23,139,True
C00388,Alice,Gonzalez,alice.gonzalez271@gmail.com,(484) 554-4094,588-16-5044,03/12/2000,4485-7984-4634-2072,8258 Main St,Minneapolis,MN,55487,212.106.205.155,42472.28,bronze,2021-09-11,95,True
C00389,Bob,Hernandez,bob.hernandez83@icloud.com,(301) 358-8009,589-23-5057,01/20/1973,5105-8127-4044-9674,6801 Pine Rd,Austin,TX,78730,203.246.110.207,44211.67,gold,2022-01-24,12,True
C00390,Jamal,Thomas,jamal.thomas793@outlook.com,(950) 232-1111,590-30-5070,03/19/1969,4485-3642-5965-4887,8960 Pine Rd,Phoenix,AZ,85043,88.113.96.214,49729.59,silver,2025-04-09,128,False
C00391,Mia,White,mia.white854@gmail.com,(339) 502-4983,591-37-5083,06/16/1950,5425-3895-7286-8982,728 Walnut Ct,New York,NY,10002,163.159.135.154,18483.85,silver,2024-12-12,87,False
C00392,Yara,White,yara.white114@proton.me,(512) 894-6328,592-44-5096,05/07/1982,5425-2630-6261-0731,2829 Elm Way,New York,NY,10021,209.184.22.150,49627.36,silver,2020-06-19,31,False
C00393,Grace,Allen,grace.allen606@icloud.com,(313) 495-1860,593-51-5109,08/31/1970,5425-2789-0131-2736,2161 Pine Rd,Boston,MA,02147,71.225.180.97,24713.88,bronze,2021-02-23,60,False
C00394,Zach,Ramirez,zach.ramirez724@outlook.com,(553) 940-7964,594-58-5122,10/14/1971,5425-1169-3738-9687,3984 Spruce Ter,Seattle,WA,98100,195.220.13.218,18298.26,silver,2021-07-11,100,True
C00395,Grace,Brown,grace.brown187@gmail.com,(393) 372-7017,595-65-5135,06/02/1974,4532-1882-6032-4823,5884 Spruce Ter,New York,NY,10078,95.225.8.195,46035.46,bronze,2023-10-05,199,True
C00396,Diego,Lee,diego.lee529@yahoo.com,(318) 492-2537,596-72-5148,08/29/1965,3714-8752-2234-2114,9663 Spruce Ter,Portland,OR,97229,38.81.247.142,32525.4,gold,2022-02-03,58,False
C00397,Victor,Sanchez,victor.sanchez163@gmail.com,(689) 601-9176,597-79-5161,09/19/1992,4485-0535-6483-4757,2650 Spruce Ter,Minneapolis,MN,55429,145.209.116.205,28657.37,bronze,2023-02-02,113,False
C00398,Wendy,Lewis,wendy.lewis301@outlook.com,(612) 497-9420,598-86-5174,09/02/1963,4485-1331-5306-8312,8771 Walnut Ct,New York,NY,10067,67.160.165.138,10544.02,bronze,2026-01-02,134,True
C00399,Victor,Jones,victor.jones115@gmail.com,(273) 865-4313,599-93-5187,10/28/1986,3714-0445-7259-9719,7565 Maple Dr,Portland,OR,97252,91.217.204.119,30526.85,gold,2023-08-17,164,True
C00400,Hiro,Walker,hiro.walker166@proton.me,(272) 574-2709,600-00-5200,06/04/1996,3714-3329-6331-9026,9228 Pine Rd,Atlanta,GA,30353,200.225.33.229,49973.36,bronze,2024-04-07,77,True
C00401,Quinn,Johnson,quinn.johnson883@proton.me,(953) 307-7436,601-07-5213,02/25/1951,3485-3598-8491-6259,7019 Cedar Ln,Denver,CO,80231,14.93.106.173,3481.62,platinum,2024-11-08,155,True
C00402,Yara,Thompson,yara.thompson323@yahoo.com,(924) 171-1607,602-14-5226,06/14/1971,4485-6877-7243-3096,9556 Birch Blvd,Seattle,WA,98157,113.115.171.165,33366.62,gold,2024-10-26,174,True
C00403,Alice,Wilson,alice.wilson446@icloud.com,(931) 995-8175,603-21-5239,05/22/1950,5105-8774-0141-3283,3165 Cedar Ln,Boston,MA,02135,95.198.213.117,37052.35,bronze,2021-09-25,8,False
C00404,Diego,Jackson,diego.jackson79@outlook.com,(971) 405-8349,604-28-5252,07/09/2000,5105-9618-2815-0532,8865 Elm Way,Seattle,WA,98190,13.42.220.46,23142.63,gold,2023-05-02,153,True
C00405,Noah,Wilson,noah.wilson371@outlook.com,(390) 713-2057,605-35-5265,01/31/1970,5105-7774-1948-1984,2908 Walnut Ct,Chicago,IL,60608,110.17.61.215,46301.64,silver,2023-01-23,77,False
C00406,Noah,Martin,noah.martin957@icloud.com,(644) 662-4138,606-42-5278,12/29/1984,3485-0506-7607-7920,3485 Birch Blvd,Phoenix,AZ,85019,53.133.64.191,27364.5,silver,2024-01-05,144,False
C00407,Uma,Johnson,uma.johnson571@yahoo.com,(300) 820-8340,607-49-5291,05/30/1973,4485-7014-4824-3600,8974 Pine Rd,Austin,TX,78774,203.245.215.5,49882.41,bronze,2022-01-01,136,False
C00408,Ingrid,Johnson,ingrid.johnson67@proton.me,(575) 823-6013,608-56-5304,05/06/1977,5425-4569-6544-3266,4599 Birch Blvd,Seattle,WA,98110,206.196.79.157,23652.74,bronze,2021-05-20,45,False
C00409,Paul,Lee,paul.lee614@yahoo.com,(931) 419-8459,609-63-5317,08/23/1970,3714-3945-6115-7738,1315 Pine Rd,Miami,FL,33197,182.183.244.3,18850.5,silver,2021-11-22,128,False
C00410,James,Johnson,james.johnson851@icloud.com,(578) 960-7381,610-70-5330,06/07/1990,5105-3156-6973-0405,6668 Cedar Ln,Los Angeles,CA,90095,189.167.37.174,21860.04,bronze,2022-01-10,82,True
C00411,Paul,Smith,paul.smith469@gmail.com,(603) 544-7279,611-77-5343,07/06/1979,5425-9184-6090-4023,4571 Birch Blvd,Chicago,IL,60653,135.184.253.226,2664.53,bronze,2020-11-25,34,True
C00412,Mia,Wilson,mia.wilson969@outlook.com,(796) 643-4356,612-84-5356,07/05/1979,4532-0249-5910-7165,6511 Chestnut Pl,Minneapolis,MN,55474,68.187.157.211,8979.25,silver,2024-12-23,192,True
C00413,Diego,Allen,diego.allen633@icloud.com,(285) 711-2252,613-91-5369,04/19/1957,4532-2682-1951-7945,1741 Maple Dr,Atlanta,GA,30353,199.58.73.114,7307.74,silver,2020-10-22,32,True
C00414,Diego,Lopez,diego.lopez321@yahoo.com,(999) 434-1030,614-98-5382,02/26/1961,3714-9903-6448-1024,9447 Spruce Ter,Los Angeles,CA,90054,124.5.67.176,47268.68,bronze,2023-06-04,103,True
C00415,Bob,Taylor,bob.taylor532@icloud.com,(538) 520-8494,615-05-5395,07/29/1984,5105-1409-1597-2002,9565 Maple Dr,Denver,CO,80202,144.141.244.152,41916.98,bronze,2021-07-31,130,True
C00416,Xander,Smith,xander.smith818@proton.me,(951) 622-8932,616-12-5408,02/13/1994,5425-5039-1120-0913,8133 Cedar Ln,Minneapolis,MN,55428,67.9.113.4,49316.5,silver,2024-09-16,88,True
C00417,Sam,Clark,sam.clark265@gmail.com,(879) 582-4810,617-19-5421,11/07/1995,5425-3385-7900-6232,4894 Maple Dr,Boston,MA,02170,87.63.163.85,17097.16,silver,2021-01-02,117,False
C00418,Bob,Brown,bob.brown341@icloud.com,(700) 871-5499,618-26-5434,02/20/1977,5425-2781-6712-0172,8923 Elm Way,Boston,MA,02138,177.197.46.200,15856.56,gold,2025-10-04,182,True
C00419,David,Jackson,david.jackson2@icloud.com,(806) 464-3683,619-33-5447,04/20/2005,3485-4061-5218-7691,6280 Walnut Ct,Minneapolis,MN,55475,34.207.185.58,41437.24,gold,2025-10-22,130,True
C00420,Rachel,Sanchez,rachel.sanchez631@outlook.com,(867) 671-7824,620-40-5460,07/31/1959,4532-7856-2862-3558,6390 Birch Blvd,Phoenix,AZ,85068,69.132.81.226,21739.66,gold,2020-06-26,174,False
C00421,David,Brown,david.brown224@gmail.com,(420) 156-4854,621-47-5473,08/09/2004,5425-7987-3450-2516,397 Elm Way,Atlanta,GA,30354,85.27.9.183,27112.84,bronze,2021-03-09,2,False
C00422,Noah,Lewis,noah.lewis707@outlook.com,(666) 906-2418,622-54-5486,08/01/1986,5105-4229-4635-3850,4721 Walnut Ct,Austin,TX,78732,169.162.65.109,36745.85,bronze,2020-11-26,143,True
C00423,Uma,Ramirez,uma.ramirez447@gmail.com,(989) 617-2814,623-61-5499,12/18/1976,4485-0079-9403-2425,7844 Cedar Ln,Phoenix,AZ,85087,200.41.225.241,22345.22,bronze,2024-07-27,29,False
C00424,Olivia,Young,olivia.young835@gmail.com,(554) 216-8143,624-68-5512,03/05/1965,4532-1595-0628-5597,7123 Spruce Ter,Austin,TX,78710,219.68.78.25,47597.23,platinum,2022-08-19,71,True
C00425,Carol,Robinson,carol.robinson337@proton.me,(641) 996-6565,625-75-5525,05/15/1999,3485-3921-1742-5265,9056 Cedar Ln,Chicago,IL,60607,72.170.141.226,42003.57,bronze,2021-04-09,193,True
C00426,Liam,Miller,liam.miller251@icloud.com,(580) 639-1947,626-82-5538,02/07/1990,5425-0288-2502-4704,3539 Pine Rd,Austin,TX,78776,64.40.137.137,31146.16,bronze,2024-11-20,190,True
C00427,David,Thomas,david.thomas753@icloud.com,(398) 471-8656,627-89-5551,11/05/1979,5105-9832-5893-5824,1334 Oak Ave,Miami,FL,33111,26.44.236.229,41708.95,bronze,2025-11-10,74,True
C00428,Olivia,Young,olivia.young639@outlook.com,(575) 612-4936,628-96-5564,05/04/1999,4532-0132-5314-4987,9709 Main St,Portland,OR,97202,136.98.243.228,33868.51,gold,2020-07-30,23,True
C00429,Wendy,Lopez,wendy.lopez731@proton.me,(452) 506-1032,629-03-5577,06/03/1967,4532-5071-4985-0977,3278 Elm Way,New York,NY,10085,65.15.1.2,11454.66,silver,2022-07-30,130,False
C00430,Frank,Taylor,frank.taylor89@yahoo.com,(884) 566-5440,630-10-5590,04/17/1993,3714-5757-0327-0996,8651 Walnut Ct,Miami,FL,33105,217.90.255.112,22823.52,gold,2021-04-22,33,False
C00431,Diego,Walker,diego.walker538@proton.me,(445) 729-9969,631-17-5603,09/09/1977,5105-7045-3542-6522,4517 Birch Blvd,Phoenix,AZ,85011,96.146.22.27,35708.32,gold,2022-09-11,30,False
C00432,David,Robinson,david.robinson899@yahoo.com,(392) 433-4788,632-24-5616,02/10/1996,3714-5463-3531-2226,6346 Walnut Ct,Los Angeles,CA,90082,189.169.195.147,28586.55,silver,2022-03-24,70,True
C00433,Olivia,Brown,olivia.brown519@gmail.com,(306) 655-7297,633-31-5629,02/01/1981,3714-0903-5041-1288,5441 Walnut Ct,Denver,CO,80206,97.116.232.199,10673.26,bronze,2022-02-28,87,True
C00434,Victor,Ramirez,victor.ramirez341@icloud.com,(689) 824-3371,634-38-5642,09/13/1972,4485-1707-1732-7965,6568 Oak Ave,Atlanta,GA,30371,97.189.84.193,33935.4,bronze,2021-04-22,63,True
C00435,James,Harris,james.harris958@yahoo.com,(451) 854-1240,635-45-5655,04/20/1977,4485-2705-4891-1454,2500 Maple Dr,Austin,TX,78725,89.193.70.12,14270.58,silver,2024-11-02,1,False
C00436,Yara,Lee,yara.lee139@outlook.com,(833) 965-5614,636-52-5668,01/06/1962,5105-4586-2245-9001,4390 Birch Blvd,Atlanta,GA,30391,171.59.113.79,8327.44,bronze,2021-01-11,118,True
C00437,Jamal,Lewis,jamal.lewis319@proton.me,(647) 376-4303,637-59-5681,04/05/1984,5425-4048-8167-8289,9209 Walnut Ct,Minneapolis,MN,55497,197.47.176.218,21124.81,bronze,2025-06-30,3,True
C00438,Victor,Lopez,victor.lopez407@proton.me,(600) 682-5241,638-66-5694,11/29/1967,3485-0529-0320-7831,4537 Oak Ave,Denver,CO,80225,147.140.220.48,47752.9,bronze,2024-03-07,81,True
C00439,Tara,Harris,tara.harris381@proton.me,(452) 523-9350,639-73-5707,04/28/1972,4485-0161-1939-4147,2843 Maple Dr,Austin,TX,78733,171.135.84.185,39298.88,platinum,2021-06-04,139,True
C00440,Diego,Lewis,diego.lewis580@yahoo.com,(967) 263-2508,640-80-5720,12/29/1950,5105-9225-6063-4110,4863 Cedar Ln,Denver,CO,80214,38.199.111.157,25742.62,bronze,2020-03-13,182,False
C00441,Diego,Allen,diego.allen202@outlook.com,(969) 974-6440,641-87-5733,09/30/1952,5105-0005-4985-4065,2851 Main St,Denver,CO,80226,112.239.120.111,7487.49,bronze,2021-10-07,115,False
C00442,Grace,Perez,grace.perez326@outlook.com,(776) 474-4050,642-94-5746,04/18/1987,4532-8325-9158-5229,1151 Maple Dr,Miami,FL,33101,56.63.200.120,6139.87,platinum,2020-11-26,91,True
C00443,Zach,Martinez,zach.martinez393@gmail.com,(690) 819-5418,643-01-5759,10/08/1989,4485-9097-9673-6903,1741 Elm Way,New York,NY,10054,142.85.140.114,3548.26,gold,2024-10-12,87,False
C00444,Liam,White,liam.white196@outlook.com,(250) 208-7892,644-08-5772,02/17/2001,3714-1086-4752-7633,2649 Spruce Ter,Denver,CO,80259,80.128.42.56,19290.2,bronze,2026-02-17,185,True
C00445,Victor,Martin,victor.martin947@icloud.com,(959) 909-8348,645-15-5785,10/10/1963,3485-0998-0597-2600,3655 Maple Dr,Atlanta,GA,30332,140.92.177.55,23024.6,silver,2020-01-26,112,True
C00446,Uma,Lee,uma.lee554@outlook.com,(663) 545-4047,646-22-5798,05/08/1981,5105-3065-0044-2488,7509 Spruce Ter,Boston,MA,02163,104.61.84.68,19445.05,platinum,2020-07-13,23,True
C00447,Yara,Smith,yara.smith908@proton.me,(252) 942-9640,647-29-5811,05/29/1966,5105-0877-1039-0993,8050 Cedar Ln,Chicago,IL,60672,23.46.15.6,25264.09,bronze,2025-01-27,57,False
C00448,Zach,Lopez,zach.lopez913@gmail.com,(347) 455-2220,648-36-5824,10/11/2000,4532-1148-0902-6631,2345 Cedar Ln,Seattle,WA,98184,146.241.22.49,41475.72,bronze,2024-09-14,114,False
C00449,Noah,Martin,noah.martin279@icloud.com,(599) 775-7623,649-43-5837,01/13/1986,3714-2815-8786-7238,2119 Main St,Boston,MA,02124,190.239.179.187,7443.69,bronze,2021-04-08,45,False
C00450,Henry,Robinson,henry.robinson281@gmail.com,(778) 906-3178,650-50-5850,03/15/2004,3485-4845-8371-3108,202 Cedar Ln,Atlanta,GA,30314,64.88.206.159,32893.44,gold,2023-11-12,18,True
C00451,Noah,Sanchez,noah.sanchez77@icloud.com,(519) 928-9688,651-57-5863,11/30/1994,3485-2006-2458-5858,5780 Walnut Ct,Phoenix,AZ,85014,111.108.176.189,47461.51,silver,2025-07-18,176,True
C00452,Victor,Lee,victor.lee843@icloud.com,(783) 434-9840,652-64-5876,07/12/1997,3485-8851-0416-4046,3328 Main St,Seattle,WA,98106,162.204.240.216,26493.1,silver,2020-04-16,200,True
C00453,Noah,Ramirez,noah.ramirez640@icloud.com,(909) 612-9011,653-71-5889,11/16/1950,4532-8070-7704-7442,9598 Oak Ave,New York,NY,10036,102.196.20.198,37695.9,silver,2025-02-16,90,False
C00454,Rachel,Jones,rachel.jones544@outlook.com,(761) 791-3192,654-78-5902,02/21/1963,3714-9458-4454-1580,8720 Walnut Ct,Miami,FL,33148,85.241.71.253,39961.8,bronze,2020-02-21,65,False
C00455,Ingrid,Martin,ingrid.martin71@gmail.com,(334) 309-9391,655-85-5915,01/18/1957,3485-6019-8330-5419,5565 Elm Way,New York,NY,10077,137.251.25.71,43578.26,bronze,2021-11-05,108,False
C00456,Mia,Walker,mia.walker555@yahoo.com,(291) 393-9332,656-92-5928,11/15/1986,5425-1723-5206-6869,6460 Maple Dr,Portland,OR,97216,71.145.186.142,19327.37,silver,2025-09-08,10,False
C00457,Ingrid,Thompson,ingrid.thompson865@gmail.com,(884) 713-7236,657-99-5941,10/10/1984,3714-5854-6190-9082,4622 Elm Way,Phoenix,AZ,85030,220.179.243.207,8531.63,gold,2020-01-03,106,False
C00458,Mia,Perez,mia.perez639@outlook.com,(895) 425-2633,658-06-5954,02/22/1980,4532-4902-6790-6540,8770 Pine Rd,Chicago,IL,60618,74.63.157.107,13748.4,bronze,2025-06-07,126,False
C00459,Xander,Miller,xander.miller7@yahoo.com,(875) 968-8759,659-13-5967,08/31/1967,3485-4502-6659-0610,4266 Pine Rd,Seattle,WA,98192,193.241.92.190,42910.35,bronze,2020-04-08,46,True
C00460,Liam,Garcia,liam.garcia197@outlook.com,(415) 962-2742,660-20-5980,04/21/1998,3714-5652-4289-3776,4084 Pine Rd,Los Angeles,CA,90057,115.196.81.236,35051.96,bronze,2024-12-18,162,True
C00461,Henry,Garcia,henry.garcia730@icloud.com,(509) 246-2827,661-27-5993,05/12/1965,4532-6180-4988-6521,6495 Cedar Ln,Seattle,WA,98116,107.212.220.221,22251.93,bronze,2023-02-15,26,True
C00462,Bob,Thompson,bob.thompson760@proton.me,(968) 315-6950,662-34-6006,04/04/1968,3714-8744-4429-1960,781 Birch Blvd,Chicago,IL,60670,214.44.34.248,1055.39,silver,2024-09-08,130,False
C00463,Aisha,Young,aisha.young515@icloud.com,(977) 579-5828,663-41-6019,05/28/1964,4485-4287-6419-4257,2640 Walnut Ct,Seattle,WA,98157,194.220.225.200,21518.02,silver,2026-03-18,98,False
C00464,Rachel,Lopez,rachel.lopez262@yahoo.com,(397) 887-1044,664-48-6032,01/14/2002,5425-9197-2319-2650,2850 Elm Way,New York,NY,10022,135.87.57.108,42484.18,bronze,2020-05-07,34,False
C00465,Frank,Williams,frank.williams432@proton.me,(770) 893-3304,665-55-6045,10/03/2000,3714-9922-4085-7208,5874 Cedar Ln,Minneapolis,MN,55443,66.87.30.62,20962.4,gold,2023-02-10,67,False
C00466,Alice,Taylor,alice.taylor111@yahoo.com,(825) 662-8880,666-62-6058,08/12/1950,4485-7215-9808-1531,4797 Birch Blvd,Austin,TX,78728,25.213.24.21,31509.25,bronze,2024-01-02,136,False
C00467,Sam,Perez,sam.perez296@gmail.com,(719) 823-9551,667-69-6071,01/20/1960,5425-1464-0486-5958,7145 Main St,New York,NY,10009,29.244.242.212,43681.63,bronze,2026-01-10,126,True
C00468,Fatima,Miller,fatima.miller635@proton.me,(804) 352-8487,668-76-6084,02/27/1950,5425-7820-5262-5179,3513 Oak Ave,Denver,CO,80296,76.178.54.151,30292.24,bronze,2021-08-13,2,True
C00469,Henry,Davis,henry.davis542@outlook.com,(728) 196-4113,669-83-6097,09/07/2002,4532-2737-1527-2179,542 Elm Way,Phoenix,AZ,85064,223.25.202.116,42724.26,gold,2024-07-19,154,True
C00470,Rachel,Jackson,rachel.jackson204@icloud.com,(729) 399-9035,670-90-6110,01/18/1952,3714-4953-2587-1344,9385 Walnut Ct,Miami,FL,33163,140.161.151.244,39025.45,bronze,2023-02-02,155,False
C00471,Wendy,Walker,wendy.walker853@outlook.com,(370) 823-9626,671-97-6123,11/18/1986,4532-4903-8830-0620,5758 Spruce Ter,Minneapolis,MN,55443,90.186.168.30,15365.45,bronze,2021-11-09,74,False
C00472,Zach,Thompson,zach.thompson122@gmail.com,(920) 703-2785,672-04-6136,08/20/1953,4532-7202-1395-9791,3001 Pine Rd,Denver,CO,80292,17.194.108.151,26370.1,gold,2021-06-19,185,True
C00473,Quinn,Jones,quinn.jones373@yahoo.com,(540) 436-8224,673-11-6149,03/14/2005,3714-6397-1925-4320,4218 Oak Ave,Minneapolis,MN,55447,126.140.222.82,45846.91,bronze,2022-12-03,167,True
C00474,Olivia,Moore,olivia.moore366@gmail.com,(972) 432-8881,674-18-6162,12/03/2005,3714-5625-3291-3358,9592 Pine Rd,Chicago,IL,60688,91.135.136.49,7808.37,bronze,2024-05-03,150,False
C00475,Mia,Miller,mia.miller67@proton.me,(873) 552-2545,675-25-6175,04/06/1983,3714-8739-0956-6232,7320 Maple Dr,Los Angeles,CA,90085,184.219.198.193,35121.69,bronze,2025-03-15,65,True
C00476,Yara,Clark,yara.clark970@yahoo.com,(514) 729-4298,676-32-6188,10/13/1979,4485-2150-9634-5763,2375 Birch Blvd,New York,NY,10042,117.15.230.180,2880.85,silver,2024-02-17,78,True
C00477,Zach,Smith,zach.smith862@icloud.com,(511) 319-1949,677-39-6201,10/04/1994,4532-4184-2744-7063,3780 Elm Way,Boston,MA,02115,73.55.41.212,45600.3,bronze,2023-12-31,62,True
C00478,Xander,Davis,xander.davis341@gmail.com,(254) 727-8330,678-46-6214,05/08/1994,3714-7524-2952-6070,7314 Chestnut Pl,New York,NY,10013,122.192.140.118,17034.41,bronze,2021-09-10,80,True
C00479,Ingrid,Johnson,ingrid.johnson631@gmail.com,(835) 529-7018,679-53-6227,11/04/1964,4485-7351-0344-9323,4442 Main St,Minneapolis,MN,55449,133.97.59.235,35073.84,bronze,2023-10-10,75,False
C00480,Noah,White,noah.white575@proton.me,(636) 778-4373,680-60-6240,11/20/1983,3485-4917-7437-6895,969 Cedar Ln,Miami,FL,33158,34.2.82.234,26191.1,bronze,2025-04-21,141,True
C00481,Diego,Thompson,diego.thompson446@gmail.com,(390) 283-2897,681-67-6253,06/30/1977,4485-6305-3631-4340,4759 Main St,Phoenix,AZ,85095,216.134.158.115,12557.98,silver,2022-10-15,91,True
C00482,Isabella,Hernandez,isabella.hernandez407@gmail.com,(657) 990-8494,682-74-6266,11/21/2005,3485-5852-2622-2476,8200 Pine Rd,Atlanta,GA,30332,88.124.98.177,25530.19,bronze,2023-11-28,106,False
C00483,Uma,Allen,uma.allen577@outlook.com,(242) 648-6965,683-81-6279,05/02/1956,3714-4123-0197-1759,8275 Cedar Ln,Portland,OR,97203,73.18.52.137,16974.31,platinum,2020-02-20,65,False
C00484,Liam,Miller,liam.miller446@yahoo.com,(669) 414-8536,684-88-6292,07/01/1994,3485-2345-8797-8470,4323 Birch Blvd,Phoenix,AZ,85064,84.252.115.168,41257.0,bronze,2024-09-20,48,True
C00485,Diego,Garcia,diego.garcia229@outlook.com,(965) 694-1201,685-95-6305,05/28/1960,3714-6477-7247-2489,4588 Cedar Ln,Phoenix,AZ,85005,163.131.8.152,17493.39,gold,2020-05-01,137,True
C00486,Olivia,Perez,olivia.perez284@outlook.com,(696) 376-8739,686-02-6318,09/17/1964,5105-7126-6930-0139,4732 Maple Dr,Seattle,WA,98166,79.176.191.54,13566.9,gold,2021-03-30,31,True
C00487,Bob,Anderson,bob.anderson855@proton.me,(200) 819-4105,687-09-6331,11/14/1953,4485-0995-9136-3616,9757 Pine Rd,Los Angeles,CA,90037,161.227.65.82,25923.52,silver,2024-07-21,170,False
C00488,Alice,Jackson,alice.jackson930@yahoo.com,(796) 404-4678,688-16-6344,03/03/1974,3485-4943-0207-5635,3479 Birch Blvd,Miami,FL,33164,196.175.230.107,28529.01,bronze,2020-02-28,158,True
C00489,Isabella,Ramirez,isabella.ramirez960@yahoo.com,(995) 469-2883,689-23-6357,02/15/1983,3485-7359-2370-3632,3816 Walnut Ct,Minneapolis,MN,55462,37.170.85.140,32716.73,bronze,2020-03-22,35,True
C00490,Diego,Sanchez,diego.sanchez54@gmail.com,(288) 909-4342,690-30-6370,12/31/1979,3714-0781-7679-2983,142 Birch Blvd,Los Angeles,CA,90088,64.143.52.116,49661.1,platinum,2020-10-14,97,False
C00491,Zach,Johnson,zach.johnson250@icloud.com,(387) 384-6555,691-37-6383,12/24/2003,4485-1883-5728-9560,7573 Oak Ave,New York,NY,10025,188.160.107.161,40496.36,bronze,2022-04-02,4,False
C00492,Kate,Harris,kate.harris302@icloud.com,(229) 676-6728,692-44-6396,07/05/1977,5425-6019-8895-4352,2355 Chestnut Pl,Miami,FL,33123,13.159.102.194,41591.53,bronze,2023-06-08,54,False
C00493,Xander,Lee,xander.lee455@gmail.com,(253) 704-3659,693-51-6409,02/02/1972,4532-2876-1647-3995,8827 Main St,Minneapolis,MN,55444,139.100.97.206,14002.53,silver,2023-12-03,101,False
C00494,Isabella,Garcia,isabella.garcia900@outlook.com,(718) 875-7632,694-58-6422,08/05/1979,5105-9806-6044-5609,2073 Elm Way,Minneapolis,MN,55406,36.154.245.2,38924.93,gold,2020-11-08,18,True
C00495,Frank,Smith,frank.smith633@icloud.com,(788) 798-9424,695-65-6435,11/22/1993,5425-9905-6708-1914,5542 Maple Dr,Boston,MA,02184,119.188.142.179,11338.6,bronze,2022-07-02,32,True
C00496,Sam,Smith,sam.smith393@icloud.com,(382) 942-1628,696-72-6448,01/12/1980,4532-4296-5667-5399,1226 Walnut Ct,Seattle,WA,98199,177.1.173.80,45357.81,bronze,2021-12-02,58,True
C00497,Ingrid,Smith,ingrid.smith921@icloud.com,(445) 503-5117,697-79-6461,02/24/1974,3714-7710-0261-8330,6266 Chestnut Pl,New York,NY,10051,15.109.15.131,35548.07,gold,2025-02-03,11,True
C00498,Alice,Moore,alice.moore804@yahoo.com,(260) 318-6960,698-86-6474,09/05/1974,4485-2841-1603-1968,8919 Elm Way,Chicago,IL,60637,135.38.56.52,3544.17,gold,2026-01-05,148,False
C00499,Wendy,Clark,wendy.clark32@outlook.com,(903) 202-4734,699-93-6487,09/04/1974,4532-7422-6280-7556,4589 Walnut Ct,Los Angeles,CA,90035,63.225.89.172,42456.9,gold,2024-12-07,191,True
C00500,Ingrid,Miller,ingrid.miller384@icloud.com,(660) 653-7107,700-00-6500,07/05/1996,4485-1493-8477-9742,5805 Chestnut Pl,Chicago,IL,60613,25.183.113.224,38319.92,gold,2020-03-07,143,True
